cash_application_id,payment_id,bank_receipt_id,invoice_id,customer_id,applied_date,applied_amount,discount_taken,writeoff_amount,fx_gain_loss,application_status,unapplied_reason,created_at
CA-000001,PMT-000001,BR-000001,INV-000001,CUST-0002,2026-05-31,1265.79,0.0,0.0,0.0,applied,,2026-05-31
CA-000002,PMT-000002,BR-000002,INV-000003,CUST-0002,2025-09-09,6900.0,0.0,0.0,0.0,applied,,2025-09-09
CA-000003,PMT-000003,BR-000003,INV-000004,CUST-0002,2025-12-25,7935.0,0.0,0.0,0.0,applied,,2025-12-25
CA-000005,PMT-000005,BR-000004,INV-000007,CUST-0002,2025-09-20,2508.33,0.0,0.0,0.0,applied,,2025-09-20
CA-000006,PMT-000006,BR-000005,INV-000008,CUST-0002,2025-10-01,0.0,0.0,0.0,0.0,unapplied,,2025-10-01
CA-000007,PMT-000007,BR-000006,INV-000010,CUST-0002,2026-01-24,1983.72,0.0,0.0,0.0,applied,,2026-01-24
CA-000008,PMT-000008,BR-000007,INV-000011,CUST-0002,2026-02-21,2508.33,0.0,0.0,0.0,applied,,2026-02-21
CA-000009,PMT-000009,BR-000008,INV-000012,CUST-0002,2026-03-08,2508.33,0.0,0.0,0.0,applied,,2026-03-08
CA-000010,PMT-000010,BR-000009,INV-000014,CUST-0002,2026-05-30,2508.33,0.0,0.0,0.0,applied,,2026-05-30
CA-000011,PMT-000011,BR-000010,INV-000019,CUST-0004,2026-01-05,16501.69,0.0,0.0,0.0,applied,,2026-01-05
CA-000012,PMT-000012,BR-000011,INV-000020,CUST-0004,2026-01-09,24465.82,0.0,0.0,0.0,applied,,2026-01-09
CA-000013,PMT-000013,BR-000012,INV-000021,CUST-0004,2026-03-17,30196.04,0.0,0.0,0.0,applied,,2026-03-17
CA-000014,PMT-000014,BR-000013,INV-000022,CUST-0004,2026-04-20,20706.38,0.0,0.0,0.0,applied,,2026-04-20
CA-000015,PMT-000015,BR-000014,INV-000025,CUST-0004,2025-10-13,443263.57,0.0,0.0,0.0,applied,,2025-10-13
CA-000016,PMT-000016,BR-000015,INV-000026,CUST-0005,2025-10-07,25200.0,0.0,0.0,0.0,applied,,2025-10-07
CA-000017,PMT-000017,BR-000016,INV-000028,CUST-0006,2025-09-25,16400.0,0.0,0.0,0.0,applied,,2025-09-25
CA-000018,PMT-000018,BR-000017,INV-000030,CUST-0007,2025-09-30,3925.03,0.0,0.0,0.0,applied,,2025-09-30
CA-000019,PMT-000019,BR-000018,INV-000031,CUST-0007,2025-11-12,3882.5,38.83,0.0,0.0,applied,,2025-11-12
CA-000020,PMT-000020,BR-000019,INV-000032,CUST-0007,2026-02-09,3917.68,0.0,0.0,0.0,applied,,2026-02-09
CA-000021,PMT-000021,BR-000020,INV-000034,CUST-0007,2026-03-18,0.0,0.0,0.0,0.0,unapplied,Remittance not identified,2026-03-18
CA-000022,PMT-000022,BR-000021,INV-000035,CUST-0007,2026-04-18,4959.77,0.0,0.0,0.0,applied,,2026-04-18
CA-000023,PMT-000023,BR-000022,INV-000036,CUST-0007,2026-04-27,2602.94,0.0,0.0,0.0,applied,,2026-04-27
CA-000024,PMT-000024,BR-000023,INV-000041,CUST-0007,2025-10-09,13771.53,0.0,0.0,0.0,applied,,2025-10-09
CA-000025,PMT-000025,BR-000024,INV-000042,CUST-0007,2025-12-07,14024.15,140.24,0.0,0.0,applied,,2025-12-07
CA-000026,PMT-000026,BR-000025,INV-000043,CUST-0007,2025-12-31,13117.39,0.0,0.0,0.0,applied,,2025-12-31
CA-000028,PMT-000028,BR-000026,INV-000046,CUST-0007,2026-04-08,14087.55,0.0,0.0,0.0,applied,,2026-04-08
CA-000029,PMT-000029,BR-000027,INV-000051,CUST-0009,2026-05-17,877014.9,0.0,0.0,0.0,applied,,2026-05-17
CA-000030,PMT-000030,BR-000028,INV-000054,CUST-0010,2026-03-21,7675.0,0.0,0.0,0.0,applied,,2026-03-21
CA-000031,PMT-000031,BR-000029,INV-000056,CUST-0012,2025-11-06,5850.0,0.0,0.0,0.0,applied,,2025-11-06
CA-000032,PMT-000032,BR-000030,INV-000057,CUST-0012,2025-11-11,6295.26,0.0,0.0,0.0,applied,,2025-11-11
CA-000033,PMT-000033,BR-000031,INV-000058,CUST-0013,2025-09-22,470551.18,0.0,0.0,8017.11,applied,,2025-09-22
CA-000034,PMT-000034,BR-000032,INV-000059,CUST-0013,2025-09-16,327646.84,0.0,0.0,0.0,applied,,2025-09-16
CA-000035,PMT-000035,BR-000033,INV-000060,CUST-0014,2026-02-21,8415000.01,84150.0,0.0,-184.91,applied,,2026-02-21
CA-000036,PMT-000036,BR-000034,INV-000061,CUST-0014,2026-04-08,6954545.46,0.0,0.0,-54.54,applied,,2026-04-08
CA-000037,PMT-000037,BR-000035,INV-000062,CUST-0016,2025-12-28,0.0,0.0,0.0,0.0,unapplied,Remittance not identified,2025-12-28
CA-000038,PMT-000038,BR-000036,INV-000063,CUST-0016,2026-02-03,3097.77,0.0,0.0,0.0,applied,,2026-02-03
CA-000039,PMT-000039,BR-000037,INV-000065,CUST-0016,2026-04-09,3092.12,0.0,0.0,0.0,applied,,2026-04-09
CA-000040,PMT-000040,BR-000038,INV-000066,CUST-0016,2026-04-22,2021.5,0.0,0.0,0.0,applied,,2026-04-22
CA-000041,PMT-000041,BR-000039,INV-000068,CUST-0016,2026-05-24,3098.95,0.0,0.0,0.0,applied,,2026-05-24
CA-000042,PMT-000042,BR-000040,INV-000070,CUST-0016,2025-12-27,1448.01,0.0,0.0,0.0,applied,,2025-12-27
CA-000043,PMT-000043,BR-000041,INV-000072,CUST-0016,2026-02-26,1559.57,0.0,0.0,0.0,applied,,2026-02-26
CA-000044,PMT-000044,BR-000042,INV-000073,CUST-0016,2026-02-26,1872.13,0.0,0.0,0.0,applied,,2026-02-26
CA-000045,PMT-000045,BR-000043,INV-000074,CUST-0016,2026-03-29,1515.36,0.0,0.0,0.0,applied,,2026-03-29
CA-000046,PMT-000046,BR-000044,INV-000075,CUST-0016,2026-05-24,1911.72,0.0,0.0,0.0,applied,,2026-05-24
CA-000047,PMT-000047,BR-000045,INV-000076,CUST-0016,2026-05-31,1229.92,12.3,0.0,0.0,applied,,2026-05-31
CA-000048,PMT-000048,BR-000046,INV-000078,CUST-0016,2025-09-06,581.21,0.0,0.0,0.0,applied,,2025-09-06
CA-000049,PMT-000049,BR-000047,INV-000079,CUST-0016,2025-10-01,599.62,0.0,0.0,0.0,applied,,2025-10-01
CA-000051,PMT-000051,BR-000048,INV-000082,CUST-0016,2026-01-20,601.79,0.0,0.0,0.0,applied,,2026-01-20
CA-000052,PMT-000052,BR-000049,INV-000083,CUST-0016,2026-03-09,659.77,0.0,0.0,0.0,applied,,2026-03-09
CA-000053,PMT-000053,BR-000050,INV-000084,CUST-0016,2026-03-21,0.0,0.0,0.0,0.0,unapplied,,2026-03-21
CA-000054,PMT-000054,BR-000051,INV-000085,CUST-0016,2026-05-31,696.18,6.96,0.0,0.0,applied,,2026-05-31
CA-000055,PMT-000055,BR-000052,INV-000088,CUST-0017,2025-11-30,10100.0,0.0,0.0,0.0,applied,,2025-11-30
CA-000056,PMT-000056,BR-000053,INV-000090,CUST-0020,2026-01-17,58584795.12,0.0,0.0,0.0,applied,,2026-01-17
CA-000057,PMT-000057,BR-000054,INV-000096,CUST-0021,2025-12-18,222592.6,0.0,0.0,0.0,applied,,2025-12-18
CA-000058,PMT-000058,BR-000055,INV-000097,CUST-0021,2026-01-25,263887.96,0.0,0.0,0.0,applied,,2026-01-25
CA-000059,PMT-000059,BR-000056,INV-000098,CUST-0021,2026-02-23,222592.6,0.0,0.0,0.0,applied,,2026-02-23
CA-000060,PMT-000060,BR-000057,INV-000099,CUST-0021,2026-03-12,185493.83,0.0,0.0,1383.82,applied,,2026-03-12
CA-000061,PMT-000061,BR-000058,INV-000100,CUST-0021,2026-05-19,148735.1,0.0,0.0,0.0,applied,,2026-05-19
CA-000062,PMT-000062,BR-000059,INV-000103,CUST-0021,2026-05-31,189203.71,1892.04,0.0,0.0,applied,,2026-05-31
CA-000063,PMT-000063,BR-000060,INV-000104,CUST-0021,2026-05-31,413592.59,0.0,0.0,97.22,applied,,2026-05-31
CA-000064,PMT-000064,BR-000061,INV-000105,CUST-0022,2026-04-22,5150.0,0.0,0.0,0.0,applied,,2026-04-22
CA-000065,PMT-000065,BR-000062,INV-000109,CUST-0023,2025-11-04,2157.06,0.0,0.0,0.0,applied,,2025-11-04
CA-000066,PMT-000066,BR-000063,INV-000111,CUST-0023,2025-12-12,3399.93,0.0,0.0,0.0,applied,,2025-12-12
CA-000067,PMT-000067,BR-000064,INV-000112,CUST-0023,2025-12-26,3096.57,30.97,0.0,0.0,applied,,2025-12-26
CA-000068,PMT-000068,BR-000065,INV-000113,CUST-0023,2026-02-14,0.0,0.0,0.0,0.0,unapplied,Remittance not identified,2026-02-14
CA-000069,PMT-000069,BR-000066,INV-000114,CUST-0023,2026-03-10,4213.93,0.0,0.0,0.0,applied,,2026-03-10
CA-000070,PMT-000070,BR-000067,INV-000115,CUST-0023,2026-04-30,2839.29,0.0,0.0,0.0,applied,,2026-04-30
CA-000071,PMT-000071,BR-000068,INV-000117,CUST-0023,2026-05-31,3482.98,0.0,0.0,0.0,applied,,2026-05-31
CA-000072,PMT-000072,BR-000069,INV-000120,CUST-0024,2026-03-08,2175.42,0.0,0.0,0.0,applied,,2026-03-08
CA-000074,PMT-000074,BR-000070,INV-000126,CUST-0026,2026-04-18,72333.34,0.0,0.0,0.0,applied,,2026-04-18
CA-000075,PMT-000075,BR-000071,INV-000127,CUST-0027,2025-11-26,19046.97,0.0,0.0,0.0,applied,,2025-11-26
CA-000076,PMT-000076,BR-000072,INV-000128,CUST-0027,2026-02-02,24800.0,0.0,0.0,0.0,applied,,2026-02-02
CA-000077,PMT-000077,BR-000073,INV-000129,CUST-0027,2026-02-04,24800.0,0.0,0.0,0.0,applied,,2026-02-04
CA-000078,PMT-000078,BR-000074,INV-000130,CUST-0027,2025-06-17,51689.87,0.0,0.0,0.0,applied,,2025-06-17
CA-000079,PMT-000079,BR-000075,INV-000131,CUST-0027,2025-07-08,75300.0,0.0,0.0,0.0,applied,,2025-07-08
CA-000080,PMT-000080,BR-000076,INV-000132,CUST-0027,2026-04-28,24466.53,0.0,0.0,0.0,applied,,2026-04-28
CA-000081,PMT-000081,BR-000077,INV-000133,CUST-0028,2026-05-31,169000.0,0.0,0.0,0.0,applied,,2026-05-31
CA-000082,PMT-000082,BR-000078,INV-000136,CUST-0028,2025-10-27,190675.91,0.0,0.0,0.0,applied,,2025-10-27
CA-000083,PMT-000083,BR-000079,INV-000137,CUST-0029,2026-05-16,16123.48,0.0,0.0,0.0,applied,,2026-05-16
CA-000084,PMT-000084,BR-000080,INV-000140,CUST-0029,2026-05-31,0.0,0.0,0.0,0.0,unapplied,Remittance not identified,2026-05-31
CA-000085,PMT-000085,BR-000081,INV-000143,CUST-0031,2026-05-23,174752.98,0.0,0.0,0.0,applied,,2026-05-23
CA-000086,PMT-000086,BR-000082,INV-000147,CUST-0032,2026-02-06,86146.85,0.0,0.0,0.0,applied,,2026-02-06
CA-000087,PMT-000087,BR-000083,INV-000148,CUST-0032,2026-01-28,105986.44,0.0,0.0,0.0,applied,,2026-01-28
CA-000088,PMT-000088,BR-000084,INV-000149,CUST-0032,2026-03-25,124302.58,0.0,0.0,90.02,applied,,2026-03-25
CA-000089,PMT-000089,BR-000085,INV-000151,CUST-0032,2026-05-19,77781.94,0.0,0.0,0.0,applied,,2026-05-19
CA-000090,PMT-000090,BR-000086,INV-000155,CUST-0032,2026-04-11,397800.0,0.0,0.0,0.0,applied,,2026-04-11
CA-000091,PMT-000091,BR-000087,INV-000156,CUST-0032,2026-05-31,340000.0,0.0,0.0,0.0,applied,,2026-05-31
CA-000092,PMT-000092,BR-000088,INV-000157,CUST-0033,2026-05-31,1990.2,0.0,0.0,0.0,applied,,2026-05-31
CA-000093,PMT-000093,BR-000089,INV-000159,CUST-0033,2026-05-31,3289.4,32.89,0.0,0.0,applied,,2026-05-31
CA-000094,PMT-000094,BR-000090,INV-000160,CUST-0033,2026-04-06,36538.32,0.0,0.0,0.0,applied,,2026-04-06
CA-000095,PMT-000095,BR-000091,INV-000161,CUST-0034,2026-05-31,4222.22,0.0,0.0,0.0,applied,,2026-05-31
CA-000097,PMT-000097,BR-000092,INV-000165,CUST-0036,2025-05-28,322207.05,0.0,0.0,0.0,applied,,2025-05-28
CA-000098,PMT-000098,BR-000093,INV-000166,CUST-0036,2026-05-14,232066.67,0.0,0.0,0.0,applied,,2026-05-14
CA-000099,PMT-000099,BR-000094,INV-000167,CUST-0036,2026-05-30,232066.67,0.0,0.0,0.0,applied,,2026-05-30
CA-000100,PMT-000100,BR-000095,INV-000168,CUST-0037,2026-04-17,0.0,0.0,0.0,0.0,unapplied,,2026-04-17
CA-000101,PMT-000101,BR-000096,INV-000169,CUST-0037,2026-05-19,3500.0,0.0,0.0,0.0,applied,,2026-05-19
CA-000102,PMT-000102,BR-000097,INV-000170,CUST-0037,2026-05-06,2466.67,0.0,0.0,0.0,applied,,2026-05-06
CA-000103,PMT-000103,BR-000098,INV-000171,CUST-0037,2026-05-31,2836.67,0.0,0.0,0.0,applied,,2026-05-31
CA-000104,PMT-000104,BR-000099,INV-000174,CUST-0037,2025-06-03,4900.0,0.0,0.0,0.0,applied,,2025-06-03
CA-000105,PMT-000105,BR-000100,INV-000175,CUST-0038,2025-09-06,1222.22,0.0,0.0,0.0,applied,,2025-09-06
CA-000106,PMT-000106,BR-000101,INV-000176,CUST-0038,2025-10-01,1222.22,0.0,0.0,0.0,applied,,2025-10-01
CA-000107,PMT-000107,BR-000102,INV-000177,CUST-0038,2025-08-18,2888.89,0.0,0.0,0.0,applied,,2025-08-18
CA-000108,PMT-000108,BR-000103,INV-000178,CUST-0038,2025-10-02,2888.89,0.0,0.0,56.32,applied,,2025-10-02
CA-000109,PMT-000109,BR-000104,INV-000181,CUST-0038,2026-05-31,1988.05,0.0,0.0,0.0,applied,,2026-05-31
CA-000110,PMT-000110,BR-000105,INV-000182,CUST-0039,2026-05-31,215575.74,0.0,0.0,0.0,applied,,2026-05-31
CA-000111,PMT-000111,BR-000106,INV-000183,CUST-0042,2026-01-24,5452.53,0.0,0.0,-2.01,applied,,2026-01-24
CA-000112,PMT-000112,BR-000107,INV-000184,CUST-0042,2026-01-09,7937.0,0.0,0.0,0.0,applied,,2026-01-09
CA-000113,PMT-000113,BR-000108,INV-000185,CUST-0042,2026-03-02,7937.0,0.0,0.0,0.0,applied,,2026-03-02
CA-000114,PMT-000114,BR-000109,INV-000187,CUST-0043,2026-02-19,3496111.12,0.0,0.0,-32639.59,applied,,2026-02-19
CA-000115,PMT-000115,BR-000110,INV-000188,CUST-0044,2026-02-25,0.0,0.0,0.0,0.0,unapplied,Remittance not identified,2026-02-25
CA-000116,PMT-000116,BR-000111,INV-000191,CUST-0047,2026-04-04,2850.4,0.0,0.0,0.0,applied,,2026-04-04
CA-000117,PMT-000117,BR-000112,INV-000195,CUST-0047,2026-05-31,1299.22,0.0,0.0,0.0,applied,,2026-05-31
CA-000118,PMT-000118,BR-000113,INV-000196,CUST-0047,2025-10-07,16724.41,0.0,0.0,274.62,applied,,2025-10-07
CA-000120,PMT-000120,BR-000114,INV-000198,CUST-0049,2025-12-23,23896.65,0.0,0.0,0.0,applied,,2025-12-23
CA-000121,PMT-000121,BR-000115,INV-000199,CUST-0049,2026-04-03,28143.34,0.0,0.0,0.0,applied,,2026-04-03
CA-000122,PMT-000122,BR-000116,INV-000202,CUST-0050,2025-08-16,456789.59,0.0,0.0,-218.54,applied,,2025-08-16
CA-000123,PMT-000123,BR-000117,INV-000203,CUST-0050,2025-12-07,517871.25,0.0,0.0,0.0,applied,,2025-12-07
CA-000124,PMT-000124,BR-000118,INV-000204,CUST-0050,2026-03-16,517871.25,0.0,0.0,0.0,applied,,2026-03-16
CA-000125,PMT-000125,BR-000119,INV-000206,CUST-0050,2025-10-14,743535.0,0.0,0.0,0.0,applied,,2025-10-14
CA-000126,PMT-000126,BR-000120,INV-000212,CUST-0052,2025-06-17,1241.67,0.0,0.0,0.0,applied,,2025-06-17
CA-000127,PMT-000127,BR-000121,INV-000213,CUST-0052,2025-06-26,1241.67,0.0,0.0,0.0,applied,,2025-06-26
CA-000128,PMT-000128,BR-000122,INV-000214,CUST-0052,2025-09-14,1241.67,0.0,0.0,0.0,applied,,2025-09-14
CA-000129,PMT-000129,BR-000123,INV-000215,CUST-0052,2025-09-27,1241.67,0.0,0.0,0.0,applied,,2025-09-27
CA-000130,PMT-000130,BR-000124,INV-000216,CUST-0052,2025-10-07,1241.67,0.0,0.0,0.0,applied,,2025-10-07
CA-000131,PMT-000131,BR-000125,INV-000217,CUST-0052,2025-11-26,0.0,0.0,0.0,0.0,unapplied,Remittance not identified,2025-11-26
CA-000132,PMT-000132,BR-000126,INV-000218,CUST-0052,2025-12-23,1241.67,0.0,0.0,0.0,applied,,2025-12-23
CA-000133,PMT-000133,BR-000127,INV-000219,CUST-0052,2026-01-05,978.53,0.0,0.0,0.0,applied,,2026-01-05
CA-000134,PMT-000134,BR-000128,INV-000220,CUST-0052,2026-02-17,1241.67,0.0,0.0,0.0,applied,,2026-02-17
CA-000135,PMT-000135,BR-000129,INV-000221,CUST-0052,2026-04-01,1241.67,0.0,0.0,0.0,applied,,2026-04-01
CA-000136,PMT-000136,BR-000130,INV-000227,CUST-0054,2025-08-01,318000.0,0.0,0.0,0.0,applied,,2025-08-01
CA-000137,PMT-000137,BR-000131,INV-000228,CUST-0054,2025-07-18,191100.0,0.0,0.0,0.0,applied,,2025-07-18
CA-000138,PMT-000138,BR-000132,INV-000229,CUST-0055,2026-03-28,52036.86,0.0,0.0,0.0,applied,,2026-03-28
CA-000139,PMT-000139,BR-000133,INV-000234,CUST-0055,2026-04-28,11290.3,0.0,0.0,0.0,applied,,2026-04-28
CA-000140,PMT-000140,BR-000134,INV-000235,CUST-0055,2026-05-31,6072.32,0.0,0.0,0.0,applied,,2026-05-31
CA-000141,PMT-000141,BR-000135,INV-000237,CUST-0056,2025-07-21,8666.66,0.0,0.0,0.0,applied,,2025-07-21
CA-000143,PMT-000143,BR-000136,INV-000243,CUST-0058,2025-12-18,25134.36,0.0,0.0,0.0,applied,,2025-12-18
CA-000144,PMT-000144,BR-000137,INV-000244,CUST-0058,2026-03-11,15986.5,0.0,0.0,0.0,applied,,2026-03-11
CA-000145,PMT-000145,BR-000138,INV-000246,CUST-0058,2025-10-13,8425.0,0.0,0.0,0.0,applied,,2025-10-13
CA-000146,PMT-000146,BR-000139,INV-000247,CUST-0058,2025-11-03,8425.0,0.0,0.0,0.0,applied,,2025-11-03
CA-000147,PMT-000147,BR-000140,INV-000248,CUST-0058,2026-01-05,0.0,0.0,0.0,0.0,unapplied,,2026-01-05
CA-000148,PMT-000148,BR-000141,INV-000250,CUST-0058,2026-01-29,8425.0,0.0,0.0,0.0,applied,,2026-01-29
CA-000149,PMT-000149,BR-000142,INV-000251,CUST-0058,2026-03-28,8425.0,0.0,0.0,0.0,applied,,2026-03-28
CA-000150,PMT-000150,BR-000143,INV-000252,CUST-0058,2026-04-02,8425.0,0.0,0.0,0.0,applied,,2026-04-02
CA-000151,PMT-000151,BR-000144,INV-000253,CUST-0058,2026-05-31,7118.95,0.0,0.0,0.0,applied,,2026-05-31
CA-000152,PMT-000152,BR-000145,INV-000255,CUST-0058,2026-05-31,8425.0,0.0,0.0,0.0,applied,,2026-05-31
CA-000153,PMT-000153,BR-000146,INV-000257,CUST-0059,2025-11-05,303023.63,0.0,0.0,-2100.03,applied,,2025-11-05
CA-000154,PMT-000154,BR-000147,INV-000258,CUST-0059,2026-05-31,108094.49,0.0,0.0,1477.84,applied,,2026-05-31
CA-000155,PMT-000155,BR-000148,INV-000259,CUST-0060,2025-04-25,4400.0,0.0,0.0,0.0,applied,,2025-04-25
CA-000156,PMT-000156,BR-000149,INV-000260,CUST-0061,2025-05-30,7800.0,0.0,0.0,0.0,applied,,2025-05-30
CA-000157,PMT-000157,BR-000150,INV-000262,CUST-0061,2025-12-28,9712.43,0.0,0.0,0.0,applied,,2025-12-28
CA-000158,PMT-000158,BR-000151,INV-000266,CUST-0064,2025-09-04,103842.52,0.0,0.0,1144.92,applied,,2025-09-04
CA-000159,PMT-000159,BR-000152,INV-000267,CUST-0065,2025-04-17,193177.1,1931.77,0.0,0.0,applied,,2025-04-17
CA-000160,PMT-000160,BR-000153,INV-000271,CUST-0066,2025-09-04,17452.11,0.0,0.0,0.0,applied,,2025-09-04
CA-000161,PMT-000161,BR-000154,INV-000275,CUST-0066,2025-08-30,6866.67,0.0,0.0,0.0,applied,,2025-08-30
CA-000162,PMT-000162,BR-000155,INV-000276,CUST-0066,2025-10-07,0.0,0.0,0.0,0.0,unapplied,Remittance not identified,2025-10-07
CA-000163,PMT-000163,BR-000156,INV-000277,CUST-0067,2025-10-30,2883.33,0.0,0.0,0.0,applied,,2025-10-30
CA-000164,PMT-000164,BR-000157,INV-000278,CUST-0067,2025-10-25,2883.33,0.0,0.0,0.0,applied,,2025-10-25
CA-000166,PMT-000166,BR-000158,INV-000280,CUST-0067,2026-01-16,2531.66,0.0,0.0,0.0,applied,,2026-01-16
CA-000167,PMT-000167,BR-000159,INV-000281,CUST-0067,2026-03-03,2883.33,0.0,0.0,0.0,applied,,2026-03-03
CA-000168,PMT-000168,BR-000160,INV-000282,CUST-0067,2026-04-04,2883.33,0.0,0.0,0.0,applied,,2026-04-04
CA-000169,PMT-000169,BR-000161,INV-000283,CUST-0067,2026-04-30,2883.33,0.0,0.0,0.0,applied,,2026-04-30
CA-000170,PMT-000170,BR-000162,INV-000284,CUST-0067,2026-04-30,2883.33,0.0,0.0,0.0,applied,,2026-04-30
CA-000171,PMT-000171,BR-000163,INV-000285,CUST-0067,2026-05-31,2883.33,0.0,0.0,0.0,applied,,2026-05-31
CA-000172,PMT-000172,BR-000164,INV-000288,CUST-0069,2026-03-29,61900.0,0.0,0.0,0.0,applied,,2026-03-29
CA-000173,PMT-000173,BR-000165,INV-000289,CUST-0069,2025-11-11,13488.52,0.0,0.0,0.0,applied,,2025-11-11
CA-000174,PMT-000174,BR-000166,INV-000291,CUST-0070,2026-03-08,1810699.33,0.0,0.0,0.0,applied,,2026-03-08
CA-000175,PMT-000175,BR-000167,INV-000292,CUST-0070,2026-03-21,1215929.71,0.0,0.0,0.0,applied,,2026-03-21
CA-000176,PMT-000176,BR-000168,INV-000293,CUST-0070,2026-04-14,1308521.79,0.0,0.0,0.0,applied,,2026-04-14
CA-000177,PMT-000177,BR-000169,INV-000294,CUST-0070,2026-05-26,1133641.63,0.0,0.0,0.0,applied,,2026-05-26
CA-000178,PMT-000178,BR-000170,INV-000298,CUST-0070,2025-12-21,0.0,0.0,0.0,0.0,unapplied,Remittance not identified,2025-12-21
CA-000179,PMT-000179,BR-000171,INV-000300,CUST-0070,2026-01-30,1552262.07,0.0,0.0,0.0,applied,,2026-01-30
CA-000180,PMT-000180,BR-000172,INV-000301,CUST-0070,2026-03-16,1077233.86,0.0,0.0,0.0,applied,,2026-03-16
CA-000181,PMT-000181,BR-000173,INV-000302,CUST-0070,2026-04-11,1782154.84,0.0,0.0,0.0,applied,,2026-04-11
CA-000182,PMT-000182,BR-000174,INV-000304,CUST-0070,2026-05-31,1700087.38,0.0,0.0,0.0,applied,,2026-05-31
CA-000183,PMT-000183,BR-000175,INV-000306,CUST-0071,2025-09-13,1972.28,0.0,0.0,0.0,applied,,2025-09-13
CA-000184,PMT-000184,BR-000176,INV-000307,CUST-0071,2025-10-12,1272.68,12.73,0.0,0.0,applied,,2025-10-12
CA-000185,PMT-000185,BR-000177,INV-000308,CUST-0071,2025-12-08,1986.13,0.0,0.0,0.0,applied,,2025-12-08
CA-000186,PMT-000186,BR-000178,INV-000309,CUST-0071,2026-01-11,1651.07,0.0,0.0,0.0,applied,,2026-01-11
CA-000187,PMT-000187,BR-000179,INV-000310,CUST-0071,2026-02-03,1948.37,0.0,0.0,0.0,applied,,2026-02-03
CA-000188,PMT-000188,BR-000180,INV-000311,CUST-0071,2026-03-06,1586.92,0.0,0.0,0.0,applied,,2026-03-06
CA-000189,PMT-000189,BR-000181,INV-000312,CUST-0071,2026-04-01,2253.07,0.0,0.0,0.0,applied,,2026-04-01
CA-000190,PMT-000190,BR-000182,INV-000313,CUST-0071,2026-05-02,2022.86,0.0,0.0,0.0,applied,,2026-05-02
CA-000191,PMT-000191,BR-000183,INV-000316,CUST-0071,2025-05-22,2016.67,0.0,0.0,0.0,applied,,2025-05-22
CA-000192,PMT-000192,BR-000184,INV-000317,CUST-0071,2025-06-27,2016.67,0.0,0.0,0.0,applied,,2025-06-27
CA-000193,PMT-000193,BR-000185,INV-000318,CUST-0071,2025-08-15,0.0,0.0,0.0,0.0,unapplied,,2025-08-15
CA-000194,PMT-000194,BR-000186,INV-000319,CUST-0071,2025-09-19,2016.67,0.0,0.0,0.0,applied,,2025-09-19
CA-000195,PMT-000195,BR-000187,INV-000322,CUST-0071,2025-12-19,2016.67,0.0,0.0,0.0,applied,,2025-12-19
CA-000196,PMT-000196,BR-000188,INV-000323,CUST-0071,2026-01-09,2016.67,0.0,0.0,0.0,applied,,2026-01-09
CA-000197,PMT-000197,BR-000189,INV-000324,CUST-0071,2026-01-30,2016.67,0.0,0.0,0.0,applied,,2026-01-30
CA-000198,PMT-000198,BR-000190,INV-000325,CUST-0071,2026-02-26,2016.67,0.0,0.0,0.0,applied,,2026-02-26
CA-000199,PMT-000199,BR-000191,INV-000326,CUST-0071,2026-03-22,2016.67,0.0,0.0,0.0,applied,,2026-03-22
CA-000200,PMT-000200,BR-000192,INV-000328,CUST-0071,2026-05-31,2016.67,0.0,0.0,0.0,applied,,2026-05-31
CA-000201,PMT-000201,BR-000193,INV-000330,CUST-0071,2025-09-12,15400.0,0.0,0.0,0.0,applied,,2025-09-12
CA-000202,PMT-000202,BR-000194,INV-000332,CUST-0073,2026-04-25,11110000.0,0.0,0.0,81.36,applied,,2026-04-25
CA-000203,PMT-000203,BR-000195,INV-000333,CUST-0073,2025-06-16,8910000.0,0.0,0.0,0.0,applied,,2025-06-16
CA-000204,PMT-000204,BR-000196,INV-000334,CUST-0073,2026-02-18,5445000.0,0.0,0.0,0.0,applied,,2026-02-18
CA-000205,PMT-000205,BR-000197,INV-000335,CUST-0073,2026-03-11,5445000.0,0.0,0.0,55.66,applied,,2026-03-11
CA-000206,PMT-000206,BR-000198,INV-000336,CUST-0073,2026-03-12,11439999.99,0.0,0.0,0.0,applied,,2026-03-12
CA-000207,PMT-000207,BR-000199,INV-000337,CUST-0075,2026-02-28,741000.0,0.0,0.0,0.0,applied,,2026-02-28
CA-000208,PMT-000208,BR-000200,INV-000339,CUST-0075,2025-11-17,0.0,0.0,0.0,0.0,unapplied,Remittance not identified,2025-11-17
CA-000209,PMT-000209,BR-000201,INV-000341,CUST-0075,2025-12-29,71666.67,0.0,0.0,0.0,applied,,2025-12-29
CA-000210,PMT-000210,BR-000202,INV-000342,CUST-0075,2026-03-08,71666.67,0.0,0.0,0.0,applied,,2026-03-08
CA-000211,PMT-000211,BR-000203,INV-000348,CUST-0076,2026-03-26,13608.33,0.0,0.0,0.0,applied,,2026-03-26
CA-000212,PMT-000212,BR-000204,INV-000350,CUST-0076,2026-04-28,13608.33,0.0,0.0,0.0,applied,,2026-04-28
CA-000213,PMT-000213,BR-000205,INV-000353,CUST-0078,2026-05-31,3446666.67,0.0,0.0,-38.81,applied,,2026-05-31
CA-000214,PMT-000214,BR-000206,INV-000355,CUST-0079,2025-10-24,30937.01,0.0,0.0,-412.89,applied,,2025-10-24
CA-000215,PMT-000215,BR-000207,INV-000356,CUST-0079,2025-10-26,30937.01,0.0,0.0,175.97,applied,,2025-10-26
CA-000216,PMT-000216,BR-000208,INV-000357,CUST-0079,2025-12-23,30937.01,0.0,0.0,0.0,applied,,2025-12-23
CA-000217,PMT-000217,BR-000209,INV-000359,CUST-0079,2026-01-10,30937.01,0.0,0.0,0.0,applied,,2026-01-10
CA-000218,PMT-000218,BR-000210,INV-000360,CUST-0079,2026-03-08,30937.01,0.0,0.0,572.59,applied,,2026-03-08
CA-000219,PMT-000219,BR-000211,INV-000361,CUST-0079,2026-03-18,30937.01,0.0,0.0,0.0,applied,,2026-03-18
CA-000220,PMT-000220,BR-000212,INV-000362,CUST-0079,2026-04-16,30937.01,0.0,0.0,0.0,applied,,2026-04-16
CA-000221,PMT-000221,BR-000213,INV-000363,CUST-0079,2026-05-31,30937.01,0.0,0.0,-138.73,applied,,2026-05-31
CA-000222,PMT-000222,BR-000214,INV-000365,CUST-0079,2026-05-31,30937.01,0.0,0.0,0.0,applied,,2026-05-31
CA-000223,PMT-000223,BR-000215,INV-000366,CUST-0079,2025-10-03,162141.73,0.0,0.0,0.0,applied,,2025-10-03
CA-000224,PMT-000224,BR-000216,INV-000367,CUST-0080,2025-12-01,6600.0,0.0,0.0,0.0,applied,,2025-12-01
CA-000225,PMT-000225,BR-000217,INV-000368,CUST-0081,2026-04-28,20666.66,0.0,0.0,134.41,applied,,2026-04-28
CA-000226,PMT-000226,BR-000218,INV-000369,CUST-0081,2026-03-26,19111.12,0.0,0.0,0.0,applied,,2026-03-26
CA-000227,PMT-000227,BR-000219,INV-000370,CUST-0081,2025-12-14,4689.87,0.0,0.0,21.88,applied,,2025-12-14
CA-000228,PMT-000228,BR-000220,INV-000372,CUST-0081,2025-12-30,6222.23,0.0,0.0,74.09,applied,,2025-12-30
CA-000229,PMT-000229,BR-000221,INV-000373,CUST-0082,2026-05-03,225237.63,0.0,0.0,0.0,applied,,2026-05-03
CA-000230,PMT-000230,BR-000222,INV-000374,CUST-0082,2026-05-31,294864.6,0.0,0.0,0.0,applied,,2026-05-31
CA-000231,PMT-000231,BR-000223,INV-000376,CUST-0082,2026-03-02,241383.33,0.0,0.0,0.0,applied,,2026-03-02
CA-000232,PMT-000232,BR-000224,INV-000377,CUST-0082,2026-04-15,241383.33,0.0,0.0,0.0,applied,,2026-04-15
CA-000233,PMT-000233,BR-000225,INV-000378,CUST-0082,2026-04-29,241383.33,0.0,0.0,0.0,applied,,2026-04-29
CA-000234,PMT-000234,BR-000226,INV-000382,CUST-0082,2025-12-07,269475.0,0.0,0.0,0.0,applied,,2025-12-07
CA-000235,PMT-000235,BR-000227,INV-000383,CUST-0082,2025-12-25,269475.0,0.0,0.0,0.0,applied,,2025-12-25
CA-000236,PMT-000236,BR-000228,INV-000384,CUST-0082,2025-12-31,269475.0,0.0,0.0,0.0,applied,,2025-12-31
CA-000237,PMT-000237,BR-000229,INV-000385,CUST-0082,2026-02-20,269475.0,0.0,0.0,0.0,applied,,2026-02-20
CA-000238,PMT-000238,BR-000230,INV-000388,CUST-0082,2026-05-02,229915.13,0.0,0.0,0.0,applied,,2026-05-02
CA-000239,PMT-000239,BR-000231,INV-000389,CUST-0082,2026-05-28,269475.0,0.0,0.0,0.0,applied,,2026-05-28
CA-000240,PMT-000240,BR-000232,INV-000390,CUST-0082,2026-05-31,269475.0,0.0,0.0,0.0,applied,,2026-05-31
CA-000241,PMT-000241,BR-000233,INV-000395,CUST-0082,2025-09-03,275508.33,0.0,0.0,0.0,applied,,2025-09-03
CA-000242,PMT-000242,BR-000234,INV-000397,CUST-0082,2025-12-05,205599.43,0.0,0.0,0.0,applied,,2025-12-05
CA-000243,PMT-000243,BR-000235,INV-000398,CUST-0082,2025-12-21,275508.33,0.0,0.0,0.0,applied,,2025-12-21
CA-000244,PMT-000244,BR-000236,INV-000399,CUST-0082,2026-01-16,275508.33,0.0,0.0,0.0,applied,,2026-01-16
CA-000245,PMT-000245,BR-000237,INV-000400,CUST-0082,2026-02-02,275508.33,0.0,0.0,0.0,applied,,2026-02-02
CA-000246,PMT-000246,BR-000238,INV-000401,CUST-0082,2026-03-27,275508.33,0.0,0.0,0.0,applied,,2026-03-27
CA-000247,PMT-000247,BR-000239,INV-000402,CUST-0082,2026-05-05,275508.33,0.0,0.0,0.0,applied,,2026-05-05
CA-000248,PMT-000248,BR-000240,INV-000403,CUST-0082,2026-05-02,275508.33,0.0,0.0,0.0,applied,,2026-05-02
CA-000249,PMT-000249,BR-000241,INV-000405,CUST-0082,2026-05-31,275508.33,0.0,0.0,0.0,applied,,2026-05-31
CA-000250,PMT-000250,BR-000242,INV-000409,CUST-0083,2026-05-31,2036.98,0.0,0.0,43.97,applied,,2026-05-31
CA-000251,PMT-000251,BR-000243,INV-000411,CUST-0083,2025-12-31,11527.56,0.0,0.0,0.0,applied,,2025-12-31
CA-000252,PMT-000252,BR-000244,INV-000412,CUST-0084,2025-09-01,9900000.0,0.0,0.0,0.0,applied,,2025-09-01
CA-000253,PMT-000253,BR-000245,INV-000414,CUST-0084,2025-03-26,2035000.0,0.0,0.0,0.0,applied,,2025-03-26
CA-000254,PMT-000254,BR-000246,INV-000415,CUST-0084,2025-07-03,1592991.47,0.0,0.0,0.0,applied,,2025-07-03
CA-000255,PMT-000255,BR-000247,INV-000417,CUST-0084,2026-01-17,2035000.0,0.0,0.0,0.0,applied,,2026-01-17
CA-000256,PMT-000256,BR-000248,INV-000418,CUST-0084,2026-03-31,2035000.0,0.0,0.0,-6.91,applied,,2026-03-31
CA-000257,PMT-000257,BR-000249,INV-000426,CUST-0088,2026-01-05,515385.0,0.0,0.0,0.0,applied,,2026-01-05
CA-000258,PMT-000258,BR-000250,INV-000427,CUST-0088,2025-11-06,534690.0,0.0,0.0,143.08,applied,,2025-11-06
CA-000259,PMT-000259,BR-000251,INV-000428,CUST-0088,2026-02-05,54102.95,0.0,0.0,-104.3,applied,,2026-02-05
CA-000260,PMT-000260,BR-000252,INV-000429,CUST-0088,2026-03-02,65805.08,0.0,0.0,150.57,applied,,2026-03-02
CA-000261,PMT-000261,BR-000253,INV-000430,CUST-0088,2026-03-12,69949.87,0.0,0.0,0.0,applied,,2026-03-12
CA-000262,PMT-000262,BR-000254,INV-000431,CUST-0088,2026-04-11,55014.94,0.0,0.0,0.0,applied,,2026-04-11
CA-000263,PMT-000263,BR-000255,INV-000435,CUST-0089,2025-06-03,198648.68,0.0,0.0,2112.34,applied,,2025-06-03
CA-000264,PMT-000264,BR-000256,INV-000436,CUST-0089,2026-05-31,143047.31,0.0,0.0,0.0,applied,,2026-05-31
CA-000265,PMT-000265,BR-000257,INV-000438,CUST-0089,2025-09-07,35916.68,0.0,0.0,0.0,applied,,2025-09-07
CA-000266,PMT-000266,BR-000258,INV-000439,CUST-0089,2025-11-14,49742.77,0.0,0.0,0.0,applied,,2025-11-14
CA-000267,PMT-000267,BR-000259,INV-000442,CUST-0090,2025-03-30,52699429.57,0.0,0.0,-4257.32,applied,,2025-03-30
CA-000268,PMT-000268,BR-000260,INV-000443,CUST-0090,2026-05-03,51876369.44,0.0,0.0,0.0,applied,,2026-05-03
CA-000269,PMT-000269,BR-000261,INV-000444,CUST-0090,2026-05-31,4274166.67,0.0,0.0,0.0,applied,,2026-05-31
CA-000270,PMT-000270,BR-000262,INV-000446,CUST-0091,2026-03-28,244970000.01,2449700.0,0.0,-924.59,applied,,2026-03-28
CA-000271,PMT-000271,BR-000263,INV-000449,CUST-0093,2025-10-25,152675.93,0.0,0.0,0.0,applied,,2025-10-25
CA-000272,PMT-000272,BR-000264,INV-000450,CUST-0093,2025-11-13,152675.93,0.0,0.0,0.0,applied,,2025-11-13
CA-000273,PMT-000273,BR-000265,INV-000451,CUST-0093,2025-12-28,137892.3,0.0,0.0,0.0,applied,,2025-12-28
CA-000274,PMT-000274,BR-000266,INV-000452,CUST-0093,2025-12-27,152675.93,0.0,0.0,2459.92,applied,,2025-12-27
CA-000275,PMT-000275,BR-000267,INV-000453,CUST-0093,2026-02-02,152675.93,0.0,0.0,0.0,applied,,2026-02-02
CA-000276,PMT-000276,BR-000268,INV-000454,CUST-0093,2026-03-06,152675.93,0.0,0.0,0.0,applied,,2026-03-06
CA-000277,PMT-000277,BR-000269,INV-000455,CUST-0093,2026-04-19,152675.93,0.0,0.0,-128.22,applied,,2026-04-19
CA-000278,PMT-000278,BR-000270,INV-000459,CUST-0094,2025-06-13,2924.1,0.0,0.0,0.0,applied,,2025-06-13
CA-000279,PMT-000279,BR-000271,INV-000460,CUST-0094,2025-07-16,1915.45,0.0,0.0,0.0,applied,,2025-07-16
CA-000280,PMT-000280,BR-000272,INV-000461,CUST-0094,2025-09-16,1827.0,0.0,0.0,0.0,applied,,2025-09-16
CA-000281,PMT-000281,BR-000273,INV-000462,CUST-0094,2025-09-10,1652.52,0.0,0.0,0.0,applied,,2025-09-10
CA-000282,PMT-000282,BR-000274,INV-000463,CUST-0094,2025-11-20,1933.48,0.0,0.0,0.0,applied,,2025-11-20
CA-000283,PMT-000283,BR-000275,INV-000464,CUST-0094,2025-12-08,2745.0,0.0,0.0,0.0,applied,,2025-12-08
CA-000284,PMT-000284,BR-000276,INV-000465,CUST-0094,2025-12-17,2123.49,21.23,0.0,0.0,applied,,2025-12-17
CA-000285,PMT-000285,BR-000277,INV-000466,CUST-0094,2026-01-27,2040.03,0.0,0.0,0.0,applied,,2026-01-27
CA-000286,PMT-000286,BR-000278,INV-000467,CUST-0094,2026-03-14,2946.71,0.0,0.0,0.0,applied,,2026-03-14
CA-000287,PMT-000287,BR-000279,INV-000468,CUST-0094,2026-03-16,1711.61,0.0,0.0,0.0,applied,,2026-03-16
CA-000288,PMT-000288,BR-000280,INV-000469,CUST-0094,2026-05-24,2085.1,0.0,0.0,0.0,applied,,2026-05-24
CA-000289,PMT-000289,BR-000281,INV-000473,CUST-0094,2025-06-19,6900.0,69.0,0.0,0.0,applied,,2025-06-19
CA-000290,PMT-000290,BR-000282,INV-000474,CUST-0094,2025-05-19,9900.0,0.0,0.0,0.0,applied,,2025-05-19
CA-000291,PMT-000291,BR-000283,INV-000476,CUST-0095,2025-12-01,176000.0,0.0,0.0,0.0,applied,,2025-12-01
CA-000292,PMT-000292,BR-000284,INV-000477,CUST-0096,2025-04-22,7800.0,0.0,0.0,0.0,applied,,2025-04-22
CA-000293,PMT-000293,BR-000285,INV-000478,CUST-0096,2025-07-13,5475.37,0.0,0.0,0.0,applied,,2025-07-13
CA-000294,PMT-000294,BR-000286,INV-000479,CUST-0096,2025-11-17,7800.0,0.0,0.0,0.0,applied,,2025-11-17
CA-000295,PMT-000295,BR-000287,INV-000483,CUST-0097,2026-01-19,18400.0,0.0,0.0,0.0,applied,,2026-01-19
CA-000296,PMT-000296,BR-000288,INV-000485,CUST-0098,2026-05-31,2669.66,0.0,0.0,0.0,applied,,2026-05-31
CA-000297,PMT-000297,BR-000289,INV-000486,CUST-0098,2026-05-31,3930.77,0.0,0.0,0.0,applied,,2026-05-31
CA-000298,PMT-000298,BR-000290,INV-000488,CUST-0098,2026-03-05,4600.0,0.0,0.0,0.0,applied,,2026-03-05
CA-000299,PMT-000299,BR-000291,INV-000490,CUST-0100,2026-01-15,177848.77,0.0,0.0,0.0,applied,,2026-01-15
CA-000300,PMT-000300,BR-000292,INV-000491,CUST-0100,2026-03-30,285812.52,0.0,0.0,0.0,applied,,2026-03-30
CA-000301,PMT-000301,BR-000293,INV-000492,CUST-0100,2026-05-31,211512.92,0.0,0.0,0.0,applied,,2026-05-31
CA-000302,PMT-000302,BR-000294,INV-000493,CUST-0100,2026-01-30,98567.89,0.0,0.0,0.0,applied,,2026-01-30
CA-000303,PMT-000303,BR-000295,INV-000497,CUST-0101,2026-02-07,10612.55,0.0,0.0,0.0,applied,,2026-02-07
CA-000304,PMT-000304,BR-000296,INV-000498,CUST-0101,2026-03-08,7074.17,0.0,0.0,0.0,applied,,2026-03-08
CA-000305,PMT-000305,BR-000297,INV-000499,CUST-0101,2026-03-16,7801.95,0.0,0.0,0.0,applied,,2026-03-16
CA-000306,PMT-000306,BR-000298,INV-000500,CUST-0101,2026-04-29,8292.83,82.93,0.0,0.0,applied,,2026-04-29
CA-000307,PMT-000307,BR-000299,INV-000504,CUST-0102,2025-09-03,15299.21,0.0,0.0,0.0,applied,,2025-09-03
CA-000308,PMT-000308,BR-000300,INV-000505,CUST-0102,2025-10-17,13736.91,0.0,0.0,0.0,applied,,2025-10-17
CA-000309,PMT-000309,BR-000301,INV-000507,CUST-0102,2025-12-27,15299.21,0.0,0.0,0.0,applied,,2025-12-27
CA-000310,PMT-000310,BR-000302,INV-000508,CUST-0102,2026-01-14,15299.21,0.0,0.0,0.0,applied,,2026-01-14
CA-000311,PMT-000311,BR-000303,INV-000511,CUST-0102,2026-03-27,15299.21,0.0,0.0,0.0,applied,,2026-03-27
CA-000312,PMT-000312,BR-000304,INV-000512,CUST-0102,2026-05-31,15299.21,0.0,0.0,0.0,applied,,2026-05-31
CA-000313,PMT-000313,BR-000305,INV-000513,CUST-0102,2026-05-26,15299.21,0.0,0.0,0.0,applied,,2026-05-26
CA-000314,PMT-000314,BR-000306,INV-000517,CUST-0103,2025-11-26,15015.0,0.0,0.0,0.0,applied,,2025-11-26
CA-000315,PMT-000315,BR-000307,INV-000518,CUST-0103,2026-01-10,15015.0,0.0,0.0,0.0,applied,,2026-01-10
CA-000316,PMT-000316,BR-000308,INV-000519,CUST-0103,2026-01-09,15015.0,0.0,0.0,0.0,applied,,2026-01-09
CA-000317,PMT-000317,BR-000309,INV-000520,CUST-0103,2026-03-06,15015.0,0.0,0.0,-54.58,applied,,2026-03-06
CA-000318,PMT-000318,BR-000310,INV-000521,CUST-0103,2026-04-01,15015.0,0.0,0.0,0.0,applied,,2026-04-01
CA-000319,PMT-000319,BR-000311,INV-000522,CUST-0103,2026-05-08,15015.0,0.0,0.0,-8.85,applied,,2026-05-08
CA-000320,PMT-000320,BR-000312,INV-000523,CUST-0103,2026-05-18,10991.41,0.0,0.0,0.0,applied,,2026-05-18
CA-000321,PMT-000321,BR-000313,INV-000528,CUST-0103,2026-03-20,39633.75,0.0,0.0,128.52,applied,,2026-03-20
CA-000322,PMT-000322,BR-000314,INV-000529,CUST-0103,2026-05-31,39633.75,0.0,0.0,0.0,applied,,2026-05-31
CA-000323,PMT-000323,BR-000315,INV-000530,CUST-0103,2026-03-14,3428.35,0.0,0.0,0.0,applied,,2026-03-14
CA-000324,PMT-000324,BR-000316,INV-000531,CUST-0103,2026-04-19,2229.15,0.0,0.0,0.0,applied,,2026-04-19
CA-000325,PMT-000325,BR-000317,INV-000532,CUST-0103,2026-05-16,2611.49,0.0,0.0,0.0,applied,,2026-05-16
CA-000326,PMT-000326,BR-000318,INV-000533,CUST-0103,2026-05-16,2830.99,0.0,0.0,0.0,applied,,2026-05-16
CA-000327,PMT-000327,BR-000319,INV-000537,CUST-0104,2025-05-08,363821.25,0.0,0.0,-315.72,applied,,2025-05-08
CA-000328,PMT-000328,BR-000320,INV-000538,CUST-0104,2025-05-30,363821.25,0.0,0.0,0.0,applied,,2025-05-30
CA-000329,PMT-000329,BR-000321,INV-000539,CUST-0104,2025-07-06,363821.25,0.0,0.0,0.0,applied,,2025-07-06
CA-000330,PMT-000330,BR-000322,INV-000540,CUST-0104,2025-07-09,363821.25,0.0,0.0,-656.61,applied,,2025-07-09
CA-000331,PMT-000331,BR-000323,INV-000541,CUST-0104,2025-08-12,248030.98,0.0,0.0,0.0,applied,,2025-08-12
CA-000332,PMT-000332,BR-000324,INV-000542,CUST-0104,2025-09-28,363821.25,0.0,0.0,0.0,applied,,2025-09-28
CA-000333,PMT-000333,BR-000325,INV-000543,CUST-0104,2025-11-02,363821.25,0.0,0.0,0.0,applied,,2025-11-02
CA-000334,PMT-000334,BR-000326,INV-000544,CUST-0104,2025-11-08,363821.25,3638.21,0.0,955.06,applied,,2025-11-08
CA-000335,PMT-000335,BR-000327,INV-000545,CUST-0104,2025-12-08,363821.25,0.0,0.0,0.0,applied,,2025-12-08
CA-000336,PMT-000336,BR-000328,INV-000546,CUST-0104,2025-12-31,363821.25,0.0,0.0,0.0,applied,,2025-12-31
CA-000337,PMT-000337,BR-000329,INV-000547,CUST-0104,2026-02-24,363821.25,0.0,0.0,0.0,applied,,2026-02-24
CA-000338,PMT-000338,BR-000330,INV-000548,CUST-0104,2026-03-04,363821.25,0.0,0.0,0.0,applied,,2026-03-04
CA-000339,PMT-000339,BR-000331,INV-000549,CUST-0104,2026-03-28,363821.25,0.0,0.0,0.0,applied,,2026-03-28
CA-000340,PMT-000340,BR-000332,INV-000550,CUST-0104,2026-05-31,363821.25,0.0,0.0,-688.95,applied,,2026-05-31
CA-000341,PMT-000341,BR-000333,INV-000551,CUST-0104,2026-05-31,363821.25,0.0,0.0,0.0,applied,,2026-05-31
CA-000342,PMT-000342,BR-000334,INV-000552,CUST-0104,2026-05-31,363821.25,0.0,0.0,1097.44,applied,,2026-05-31
CA-000343,PMT-000343,BR-000335,INV-000553,CUST-0104,2026-05-31,1028430.0,0.0,0.0,-4036.29,applied,,2026-05-31
CA-000344,PMT-000344,BR-000336,INV-000554,CUST-0105,2025-06-01,2530000.0,0.0,0.0,6.38,applied,,2025-06-01
CA-000345,PMT-000345,BR-000337,INV-000555,CUST-0105,2026-03-19,9570000.0,95700.0,0.0,0.0,applied,,2026-03-19
CA-000346,PMT-000346,BR-000338,INV-000556,CUST-0107,2025-09-25,1469800.0,0.0,0.0,0.0,applied,,2025-09-25
CA-000347,PMT-000347,BR-000339,INV-000557,CUST-0108,2025-08-15,5700.0,0.0,0.0,0.0,applied,,2025-08-15
CA-000348,PMT-000348,BR-000340,INV-000559,CUST-0109,2026-04-25,2265.55,0.0,0.0,0.0,applied,,2026-04-25
CA-000349,PMT-000349,BR-000341,INV-000561,CUST-0109,2026-05-31,2685.04,0.0,0.0,0.0,applied,,2026-05-31
CA-000350,PMT-000350,BR-000342,INV-000564,CUST-0110,2026-05-31,5366967.77,0.0,0.0,0.0,applied,,2026-05-31
CA-000351,PMT-000351,BR-000343,INV-000565,CUST-0110,2025-12-02,10010000.01,0.0,0.0,0.0,applied,,2025-12-02
CA-000352,PMT-000352,BR-000344,INV-000568,CUST-0110,2025-10-25,2756576.82,0.0,0.0,0.0,applied,,2025-10-25
CA-000353,PMT-000353,BR-000345,INV-000569,CUST-0110,2026-01-02,3015833.33,0.0,0.0,-6.49,applied,,2026-01-02
CA-000354,PMT-000354,BR-000346,INV-000571,CUST-0110,2026-02-21,3015833.33,0.0,0.0,0.0,applied,,2026-02-21
CA-000355,PMT-000355,BR-000347,INV-000572,CUST-0110,2026-04-01,3015833.33,0.0,0.0,-14.88,applied,,2026-04-01
CA-000356,PMT-000356,BR-000348,INV-000574,CUST-0110,2026-05-13,3015833.33,0.0,0.0,2.48,applied,,2026-05-13
CA-000357,PMT-000357,BR-000349,INV-000575,CUST-0110,2026-05-27,3015833.33,0.0,0.0,0.0,applied,,2026-05-27
CA-000358,PMT-000358,BR-000350,INV-000576,CUST-0110,2026-05-31,3015833.33,0.0,0.0,0.0,applied,,2026-05-31
CA-000359,PMT-000359,BR-000351,INV-000577,CUST-0111,2025-07-18,221964.05,0.0,0.0,0.0,applied,,2025-07-18
CA-000360,PMT-000360,BR-000352,INV-000578,CUST-0111,2025-12-16,794000.0,0.0,0.0,0.0,applied,,2025-12-16
CA-000361,PMT-000361,BR-000353,INV-000579,CUST-0111,2026-04-26,157000.0,0.0,0.0,0.0,applied,,2026-04-26
CA-000362,PMT-000362,BR-000354,INV-000580,CUST-0111,2025-06-05,159999.99,0.0,0.0,0.0,applied,,2025-06-05
CA-000363,PMT-000363,BR-000355,INV-000582,CUST-0111,2026-01-27,38666.66,0.0,0.0,0.0,applied,,2026-01-27
CA-000364,PMT-000364,BR-000356,INV-000583,CUST-0111,2026-03-13,38666.66,0.0,0.0,-35.89,applied,,2026-03-13
CA-000365,PMT-000365,BR-000357,INV-000584,CUST-0111,2026-04-06,38666.66,0.0,0.0,-19.54,applied,,2026-04-06
CA-000366,PMT-000366,BR-000358,INV-000585,CUST-0111,2026-05-09,38666.66,0.0,0.0,0.0,applied,,2026-05-09
CA-000367,PMT-000367,BR-000359,INV-000590,CUST-0113,2025-06-14,213333.34,0.0,0.0,0.0,applied,,2025-06-14
CA-000368,PMT-000368,BR-000360,INV-000591,CUST-0113,2025-07-16,213333.34,0.0,0.0,0.0,applied,,2025-07-16
CA-000369,PMT-000369,BR-000361,INV-000592,CUST-0113,2025-08-15,213333.34,0.0,0.0,0.0,applied,,2025-08-15
CA-000370,PMT-000370,BR-000362,INV-000593,CUST-0113,2025-08-31,213333.34,0.0,0.0,0.0,applied,,2025-08-31
CA-000371,PMT-000371,BR-000363,INV-000595,CUST-0113,2025-11-06,193521.62,0.0,0.0,0.0,applied,,2025-11-06
CA-000372,PMT-000372,BR-000364,INV-000596,CUST-0113,2025-12-26,213333.34,0.0,0.0,-203.27,applied,,2025-12-26
CA-000373,PMT-000373,BR-000365,INV-000597,CUST-0113,2026-02-01,213333.34,0.0,0.0,-41.75,applied,,2026-02-01
CA-000374,PMT-000374,BR-000366,INV-000598,CUST-0113,2026-02-11,213333.34,0.0,0.0,126.61,applied,,2026-02-11
CA-000375,PMT-000375,BR-000367,INV-000599,CUST-0113,2026-03-06,213333.34,0.0,0.0,0.0,applied,,2026-03-06
CA-000376,PMT-000376,BR-000368,INV-000602,CUST-0113,2026-05-31,213333.34,0.0,0.0,0.0,applied,,2026-05-31
CA-000377,PMT-000377,BR-000369,INV-000603,CUST-0113,2026-05-31,213333.34,0.0,0.0,24.17,applied,,2026-05-31
CA-000378,PMT-000378,BR-000370,INV-000605,CUST-0113,2026-05-31,224816.39,0.0,0.0,0.0,applied,,2026-05-31
CA-000379,PMT-000379,BR-000371,INV-000606,CUST-0114,2025-08-13,33354.34,0.0,0.0,-790.01,applied,,2025-08-13
CA-000380,PMT-000380,BR-000372,INV-000607,CUST-0114,2025-12-06,33354.34,0.0,0.0,-421.22,applied,,2025-12-06
CA-000381,PMT-000381,BR-000373,INV-000609,CUST-0114,2026-05-31,33354.34,0.0,0.0,-151.5,applied,,2026-05-31
CA-000382,PMT-000382,BR-000374,INV-000610,CUST-0114,2025-06-23,4143.5,0.0,0.0,0.0,applied,,2025-06-23
CA-000383,PMT-000383,BR-000375,INV-000611,CUST-0114,2025-07-15,4200.88,0.0,0.0,0.0,applied,,2025-07-15
CA-000384,PMT-000384,BR-000376,INV-000613,CUST-0114,2025-09-12,4386.97,0.0,0.0,-63.42,applied,,2025-09-12
CA-000385,PMT-000385,BR-000377,INV-000614,CUST-0114,2025-10-11,5500.39,55.0,0.0,0.0,applied,,2025-10-11
CA-000386,PMT-000386,BR-000378,INV-000615,CUST-0114,2025-12-09,5867.7,0.0,0.0,0.0,applied,,2025-12-09
CA-000387,PMT-000387,BR-000379,INV-000616,CUST-0114,2025-12-20,3896.94,0.0,0.0,0.0,applied,,2025-12-20
CA-000388,PMT-000388,BR-000380,INV-000617,CUST-0114,2026-01-05,4575.8,0.0,0.0,0.0,applied,,2026-01-05
CA-000389,PMT-000389,BR-000381,INV-000618,CUST-0114,2026-02-21,3816.84,0.0,0.0,-86.05,applied,,2026-02-21
CA-000390,PMT-000390,BR-000382,INV-000621,CUST-0114,2026-04-23,3595.09,0.0,0.0,0.0,applied,,2026-04-23
CA-000391,PMT-000391,BR-000383,INV-000624,CUST-0115,2025-05-05,2708000.0,0.0,0.0,0.0,applied,,2025-05-05
CA-000392,PMT-000392,BR-000384,INV-000625,CUST-0115,2025-12-14,288500.0,0.0,0.0,-142.24,applied,,2025-12-14
CA-000393,PMT-000393,BR-000385,INV-000626,CUST-0115,2026-02-10,288500.0,0.0,0.0,0.0,applied,,2026-02-10
CA-000394,PMT-000394,BR-000386,INV-000628,CUST-0116,2026-02-12,20500.0,0.0,0.0,0.0,applied,,2026-02-12
CA-000395,PMT-000395,BR-000387,INV-000629,CUST-0117,2025-08-18,35800.0,0.0,0.0,0.0,applied,,2025-08-18
CA-000396,PMT-000396,BR-000388,INV-000636,CUST-0119,2025-04-27,3400.0,0.0,0.0,0.0,applied,,2025-04-27
CA-000397,PMT-000397,BR-000389,INV-000637,CUST-0119,2026-02-08,5300.0,0.0,0.0,0.0,applied,,2026-02-08
CA-000398,PMT-000398,BR-000390,INV-000638,CUST-0119,2026-04-20,5300.0,0.0,0.0,0.0,applied,,2026-04-20
CA-000399,PMT-000399,BR-000391,INV-000639,CUST-0120,2025-09-19,120752500.01,0.0,0.0,0.0,applied,,2025-09-19
CA-000400,PMT-000400,BR-000392,INV-000640,CUST-0120,2025-10-07,120752500.01,0.0,0.0,0.0,applied,,2025-10-07
CA-000401,PMT-000401,BR-000393,INV-000641,CUST-0120,2025-10-10,120752500.01,0.0,0.0,0.0,applied,,2025-10-10
CA-000402,PMT-000402,BR-000394,INV-000642,CUST-0120,2025-12-10,120752500.01,0.0,0.0,0.0,applied,,2025-12-10
CA-000403,PMT-000403,BR-000395,INV-000643,CUST-0120,2026-01-15,120752500.01,0.0,0.0,0.0,applied,,2026-01-15
CA-000404,PMT-000404,BR-000396,INV-000644,CUST-0120,2026-01-25,120752500.01,0.0,0.0,0.0,applied,,2026-01-25
CA-000405,PMT-000405,BR-000397,INV-000645,CUST-0120,2026-03-09,120752500.01,0.0,0.0,0.0,applied,,2026-03-09
CA-000406,PMT-000406,BR-000398,INV-000646,CUST-0120,2026-03-16,120752500.01,0.0,0.0,0.0,applied,,2026-03-16
CA-000407,PMT-000407,BR-000399,INV-000647,CUST-0120,2026-04-20,120752500.01,0.0,0.0,0.0,applied,,2026-04-20
CA-000408,PMT-000408,BR-000400,INV-000648,CUST-0120,2026-05-26,120752500.01,0.0,0.0,0.0,applied,,2026-05-26
CA-000409,PMT-000409,BR-000401,INV-000652,CUST-0121,2026-03-06,965.96,0.0,0.0,0.0,applied,,2026-03-06
CA-000410,PMT-000410,BR-000402,INV-000653,CUST-0121,2026-04-07,763.73,0.0,0.0,0.0,applied,,2026-04-07
CA-000411,PMT-000411,BR-000403,INV-000654,CUST-0121,2026-04-01,1156.46,0.0,0.0,0.0,applied,,2026-04-01
CA-000412,PMT-000412,BR-000404,INV-000655,CUST-0121,2026-05-12,699.57,0.0,0.0,0.0,applied,,2026-05-12
CA-000413,PMT-000413,BR-000405,INV-000658,CUST-0122,2026-01-01,934.59,0.0,0.0,0.0,applied,,2026-01-01
CA-000414,PMT-000414,BR-000406,INV-000659,CUST-0122,2026-02-04,1111.12,0.0,0.0,-22.16,applied,,2026-02-04
CA-000415,PMT-000415,BR-000407,INV-000660,CUST-0122,2026-02-23,1111.12,0.0,0.0,0.0,applied,,2026-02-23
CA-000416,PMT-000416,BR-000408,INV-000661,CUST-0122,2026-04-08,1111.12,0.0,0.0,0.0,applied,,2026-04-08
CA-000417,PMT-000417,BR-000409,INV-000662,CUST-0122,2026-05-11,1111.12,0.0,0.0,-21.42,applied,,2026-05-11
CA-000418,PMT-000418,BR-000410,INV-000666,CUST-0123,2025-11-02,64000.0,0.0,0.0,0.0,applied,,2025-11-02
CA-000419,PMT-000419,BR-000411,INV-000667,CUST-0124,2026-03-08,146394.88,0.0,0.0,0.0,applied,,2026-03-08
CA-000420,PMT-000420,BR-000412,INV-000668,CUST-0125,2026-04-11,3496545.0,0.0,0.0,0.0,applied,,2026-04-11
CA-000421,PMT-000421,BR-000413,INV-000669,CUST-0125,2025-06-04,12011805.0,0.0,0.0,0.0,applied,,2025-06-04
CA-000422,PMT-000422,BR-000414,INV-000678,CUST-0002,2025-09-06,6900.0,0.0,0.0,0.0,applied,,2025-09-06
CA-000423,PMT-000423,BR-000415,INV-000679,CUST-0007,2025-10-22,15506.35,0.0,0.0,0.0,applied,,2025-10-22
CA-000424,PMT-000424,BR-000416,INV-000682,CUST-0032,2026-05-28,121505.63,0.0,0.0,0.0,applied,,2026-05-28
CA-000425,PMT-000425,BR-000417,INV-000683,CUST-0044,2026-01-11,95540.0,0.0,0.0,0.0,applied,,2026-01-11
