period,customer_id,contract_id,legal_entity,currency,opening_deferred_revenue,billings,recognized_revenue,adjustments,fx_impact,closing_deferred_revenue
2026-03,CUST-0002,CTR-00002,Acme US Inc,USD,0.0,0.0,2457.92,0.0,0.0,-2457.92
2026-04,CUST-0002,CTR-00002,Acme US Inc,USD,-2457.92,2457.92,2457.92,0.0,0.0,-2457.92
2026-05,CUST-0002,CTR-00002,Acme US Inc,USD,-2457.92,2891.67,2891.67,0.0,0.0,-2457.92
2025-07,CUST-0002,CTR-00003,Acme US Inc,USD,0.0,13800.0,4600.0,0.0,0.0,9200.0
2025-08,CUST-0002,CTR-00003,Acme US Inc,USD,9200.0,0.0,4600.0,0.0,0.0,4600.0
2025-09,CUST-0002,CTR-00003,Acme US Inc,USD,4600.0,0.0,4600.0,0.0,0.0,0.0
2025-10,CUST-0002,CTR-00003,Acme US Inc,USD,0.0,6900.0,2300.0,0.0,0.0,4600.0
2025-11,CUST-0002,CTR-00003,Acme US Inc,USD,4600.0,0.0,2300.0,0.0,0.0,2300.0
2025-12,CUST-0002,CTR-00003,Acme US Inc,USD,2300.0,0.0,2300.0,0.0,0.0,0.0
2026-01,CUST-0002,CTR-00003,Acme US Inc,USD,0.0,6900.0,2300.0,0.0,0.0,6100.0
2026-02,CUST-0002,CTR-00003,Acme US Inc,USD,4600.0,0.0,2300.0,0.0,0.0,2300.0
2026-03,CUST-0002,CTR-00003,Acme US Inc,USD,2300.0,0.0,2300.0,0.0,0.0,0.0
2026-04,CUST-0002,CTR-00003,Acme US Inc,USD,0.0,0.0,2300.0,0.0,0.0,-2300.0
2026-05,CUST-0002,CTR-00003,Acme US Inc,USD,-2300.0,6900.0,2300.0,0.0,0.0,2300.0
2025-07,CUST-0002,CTR-00004,Acme US Inc,USD,0.0,2508.33,2508.33,0.0,0.0,0.0
2025-08,CUST-0002,CTR-00004,Acme US Inc,USD,0.0,2508.33,2508.33,0.0,0.0,0.0
2025-10,CUST-0002,CTR-00004,Acme US Inc,USD,0.0,2508.33,2508.33,0.0,0.0,0.0
2025-11,CUST-0002,CTR-00004,Acme US Inc,USD,0.0,2508.33,2508.33,0.0,0.0,0.0
2025-12,CUST-0002,CTR-00004,Acme US Inc,USD,0.0,2508.33,2508.33,0.0,0.0,0.0
2026-01,CUST-0002,CTR-00004,Acme US Inc,USD,0.0,2508.33,2508.33,0.0,0.0,0.0
2026-02,CUST-0002,CTR-00004,Acme US Inc,USD,0.0,2508.33,2508.33,0.0,0.0,0.0
2026-03,CUST-0002,CTR-00004,Acme US Inc,USD,0.0,2508.33,2508.33,0.0,0.0,0.0
2026-04,CUST-0002,CTR-00004,Acme US Inc,USD,0.0,2508.33,2508.33,0.0,0.0,0.0
2026-05,CUST-0002,CTR-00004,Acme US Inc,USD,0.0,2508.33,2508.33,0.0,0.0,0.0
2026-04,CUST-0003,CTR-00005,Acme EU GmbH,EUR,0.0,7592.59,632.72,0.0,0.0,6959.87
2026-05,CUST-0003,CTR-00005,Acme EU GmbH,EUR,6959.87,0.0,632.72,0.0,0.0,6327.15
2026-02,CUST-0003,CTR-00006,Acme EU GmbH,EUR,0.0,1597.22,532.41,0.0,0.0,1064.81
2026-03,CUST-0003,CTR-00006,Acme EU GmbH,EUR,1064.81,0.0,532.41,0.0,0.0,532.4
2026-04,CUST-0003,CTR-00006,Acme EU GmbH,EUR,532.4,1597.22,1064.82,0.0,0.0,1064.8
2026-05,CUST-0003,CTR-00006,Acme EU GmbH,EUR,1064.8,1996.53,1197.92,0.0,0.0,1863.41
2025-10,CUST-0004,CTR-00007,Acme US Inc,USD,0.0,0.0,22928.9,0.0,0.0,-22928.9
2025-11,CUST-0004,CTR-00007,Acme US Inc,USD,-22928.9,50701.04,27772.14,0.0,0.0,0.0
2026-01,CUST-0004,CTR-00007,Acme US Inc,USD,0.0,30196.04,30196.04,0.0,0.0,0.0
2026-02,CUST-0004,CTR-00007,Acme US Inc,USD,0.0,20706.38,20706.38,0.0,0.0,0.0
2026-03,CUST-0004,CTR-00007,Acme US Inc,USD,0.0,22295.97,22295.97,0.0,0.0,0.0
2026-05,CUST-0004,CTR-00007,Acme US Inc,USD,0.0,20756.55,20756.55,0.0,0.0,0.0
2025-08,CUST-0004,CTR-00009,Acme US Inc,USD,0.0,443263.57,443263.57,0.0,0.0,0.0
2025-08,CUST-0005,CTR-00010,Acme US Inc,USD,0.0,25200.0,25200.0,0.0,0.0,0.0
2025-08,CUST-0005,CTR-00012,Acme US Inc,USD,0.0,79900.0,79900.0,0.0,0.0,0.0
2025-07,CUST-0006,CTR-00014,Acme US Inc,USD,0.0,16400.0,16400.0,0.0,0.0,0.0
2025-06,CUST-0007,CTR-00015,Acme US Inc,USD,0.0,3801.34,3801.34,0.0,0.0,0.0
2025-07,CUST-0007,CTR-00015,Acme US Inc,USD,0.0,3925.03,3925.03,0.0,0.0,0.0
2025-08,CUST-0007,CTR-00015,Acme US Inc,USD,0.0,3525.66,3525.66,0.0,0.0,0.0
2025-10,CUST-0007,CTR-00015,Acme US Inc,USD,0.0,0.0,3917.68,0.0,0.0,-3917.68
2025-11,CUST-0007,CTR-00015,Acme US Inc,USD,-3917.68,7093.98,3176.3,0.0,0.0,-0.0
2025-12,CUST-0007,CTR-00015,Acme US Inc,USD,-0.0,3212.78,3212.78,0.0,0.0,0.0
2026-01,CUST-0007,CTR-00015,Acme US Inc,USD,0.0,4959.77,4959.77,0.0,0.0,0.0
2026-02,CUST-0007,CTR-00015,Acme US Inc,USD,0.0,4173.76,4173.76,0.0,0.0,0.0
2026-03,CUST-0007,CTR-00015,Acme US Inc,USD,0.0,5127.21,5127.21,0.0,0.0,0.0
2026-04,CUST-0007,CTR-00015,Acme US Inc,USD,0.0,3166.9,3166.9,0.0,0.0,-2200.0
2026-05,CUST-0007,CTR-00015,Acme US Inc,USD,0.0,4697.7,4697.7,0.0,0.0,0.0
2025-07,CUST-0007,CTR-00016,Acme US Inc,USD,0.0,31012.7,31012.7,0.0,0.0,0.0
2025-08,CUST-0007,CTR-00016,Acme US Inc,USD,0.0,13771.53,13771.53,0.0,0.0,0.0
2025-09,CUST-0007,CTR-00016,Acme US Inc,USD,0.0,12194.91,12194.91,0.0,0.0,0.0
2025-10,CUST-0007,CTR-00016,Acme US Inc,USD,0.0,13117.39,13117.39,0.0,0.0,0.0
2025-11,CUST-0007,CTR-00016,Acme US Inc,USD,0.0,15690.22,15690.22,0.0,0.0,0.0
2025-12,CUST-0007,CTR-00016,Acme US Inc,USD,0.0,0.0,13065.82,0.0,0.0,-13065.82
2026-01,CUST-0007,CTR-00016,Acme US Inc,USD,-13065.82,27153.37,14087.55,0.0,0.0,0.0
2026-03,CUST-0007,CTR-00016,Acme US Inc,USD,0.0,14012.83,14012.83,0.0,0.0,0.0
2026-04,CUST-0007,CTR-00016,Acme US Inc,USD,0.0,18469.68,18469.68,0.0,0.0,0.0
2026-05,CUST-0007,CTR-00016,Acme US Inc,USD,0.0,14166.77,14166.77,0.0,0.0,0.0
2025-08,CUST-0008,CTR-00017,Acme EU GmbH,EUR,0.0,76481.48,76481.48,0.0,0.0,0.0
2026-03,CUST-0009,CTR-00018,Acme EU GmbH,EUR,0.0,730845.75,730845.75,0.0,0.0,0.0
2025-07,CUST-0010,CTR-00021,Acme US Inc,USD,0.0,6523.75,2174.58,0.0,0.0,4349.17
2025-08,CUST-0010,CTR-00021,Acme US Inc,USD,4349.17,0.0,2174.58,0.0,0.0,2174.59
2025-09,CUST-0010,CTR-00021,Acme US Inc,USD,2174.59,0.0,2174.58,0.0,0.0,0.01
2025-10,CUST-0010,CTR-00021,Acme US Inc,USD,0.01,7675.0,2558.33,0.0,0.0,5116.68
2025-11,CUST-0010,CTR-00021,Acme US Inc,USD,5116.68,0.0,2558.33,0.0,0.0,2558.35
2025-12,CUST-0010,CTR-00021,Acme US Inc,USD,2558.35,0.0,2558.33,0.0,0.0,0.02
2026-01,CUST-0010,CTR-00021,Acme US Inc,USD,0.02,7675.0,2558.33,0.0,0.0,5116.69
2026-02,CUST-0010,CTR-00021,Acme US Inc,USD,5116.69,0.0,2558.33,0.0,0.0,2558.36
2026-03,CUST-0010,CTR-00021,Acme US Inc,USD,2558.36,0.0,2558.33,0.0,0.0,0.03
2026-04,CUST-0010,CTR-00021,Acme US Inc,USD,0.03,0.0,0.0,0.0,0.0,0.03
2026-05,CUST-0010,CTR-00021,Acme US Inc,USD,0.03,0.0,0.0,0.0,0.0,0.03
2025-07,CUST-0011,CTR-00023,Acme UK Ltd,GBP,0.0,201574.8,201574.8,0.0,0.0,0.0
2025-08,CUST-0012,CTR-00024,Acme US Inc,USD,0.0,5850.0,5850.0,0.0,0.0,0.0
2025-09,CUST-0012,CTR-00024,Acme US Inc,USD,0.0,5850.0,5850.0,0.0,0.0,0.0
2025-06,CUST-0013,CTR-00027,Acme UK Ltd,GBP,0.0,0.0,392125.98,0.0,0.0,-392125.98
2025-07,CUST-0013,CTR-00027,Acme UK Ltd,GBP,-392125.98,784251.96,392125.98,0.0,0.0,0.0
2025-12,CUST-0014,CTR-00028,Acme Argentina SA,ARS,0.0,6954545.46,6954545.46,0.0,0.0,0.0
2026-01,CUST-0014,CTR-00028,Acme Argentina SA,ARS,0.0,6954545.46,6954545.46,0.0,0.0,0.0
2025-10,CUST-0016,CTR-00030,Acme US Inc,USD,0.0,2960.45,2960.45,0.0,0.0,0.0
2025-11,CUST-0016,CTR-00030,Acme US Inc,USD,0.0,3097.77,3097.77,0.0,0.0,0.0
2025-12,CUST-0016,CTR-00030,Acme US Inc,USD,0.0,2785.42,2785.42,0.0,0.0,0.0
2026-01,CUST-0016,CTR-00030,Acme US Inc,USD,0.0,3092.12,3092.12,0.0,0.0,0.0
2026-02,CUST-0016,CTR-00030,Acme US Inc,USD,0.0,2021.5,2021.5,0.0,0.0,0.0
2026-03,CUST-0016,CTR-00030,Acme US Inc,USD,0.0,3519.56,3519.56,0.0,0.0,0.0
2026-04,CUST-0016,CTR-00030,Acme US Inc,USD,0.0,3098.95,3098.95,0.0,0.0,0.0
2026-05,CUST-0016,CTR-00030,Acme US Inc,USD,0.0,2503.42,2503.42,0.0,0.0,0.0
2025-10,CUST-0016,CTR-00031,Acme US Inc,USD,0.0,1448.01,1448.01,0.0,0.0,1500.0
2025-11,CUST-0016,CTR-00031,Acme US Inc,USD,0.0,0.0,1876.69,0.0,0.0,-1876.69
2025-12,CUST-0016,CTR-00031,Acme US Inc,USD,-1876.69,3436.26,1559.57,0.0,0.0,0.0
2026-01,CUST-0016,CTR-00031,Acme US Inc,USD,0.0,1872.13,1872.13,0.0,0.0,0.0
2026-02,CUST-0016,CTR-00031,Acme US Inc,USD,0.0,1750.43,1750.43,0.0,0.0,0.0
2026-03,CUST-0016,CTR-00031,Acme US Inc,USD,0.0,1911.72,1911.72,0.0,0.0,0.0
2026-04,CUST-0016,CTR-00031,Acme US Inc,USD,0.0,1229.92,1229.92,0.0,0.0,0.0
2026-05,CUST-0016,CTR-00031,Acme US Inc,USD,0.0,2702.52,2702.52,0.0,0.0,0.0
2025-06,CUST-0016,CTR-00033,Acme US Inc,USD,0.0,581.21,581.21,0.0,0.0,0.0
2025-08,CUST-0016,CTR-00033,Acme US Inc,USD,0.0,599.62,599.62,0.0,0.0,0.0
2025-09,CUST-0016,CTR-00033,Acme US Inc,USD,0.0,411.48,411.48,0.0,0.0,0.0
2025-10,CUST-0016,CTR-00033,Acme US Inc,USD,0.0,540.68,540.68,0.0,0.0,0.0
2025-11,CUST-0016,CTR-00033,Acme US Inc,USD,0.0,601.79,601.79,0.0,0.0,0.0
2025-12,CUST-0016,CTR-00033,Acme US Inc,USD,0.0,659.77,659.77,0.0,0.0,0.0
2026-01,CUST-0016,CTR-00033,Acme US Inc,USD,0.0,0.0,544.77,0.0,0.0,-544.77
2026-02,CUST-0016,CTR-00033,Acme US Inc,USD,-544.77,544.77,0.0,0.0,0.0,0.0
2026-03,CUST-0016,CTR-00033,Acme US Inc,USD,0.0,696.18,696.18,0.0,0.0,0.0
2026-04,CUST-0016,CTR-00033,Acme US Inc,USD,0.0,454.46,454.46,0.0,0.0,0.0
2026-05,CUST-0016,CTR-00033,Acme US Inc,USD,0.0,711.17,711.17,0.0,0.0,0.0
2025-09,CUST-0017,CTR-00034,Acme US Inc,USD,0.0,10100.0,10100.0,0.0,0.0,0.0
2026-05,CUST-0018,CTR-00035,Acme US Inc,USD,0.0,99000.0,99000.0,0.0,0.0,0.0
2025-10,CUST-0020,CTR-00038,Acme Argentina SA,ARS,0.0,68909090.91,68909090.91,0.0,0.0,0.0
2026-01,CUST-0020,CTR-00039,Acme Argentina SA,USD,0.0,12584029.46,12584029.46,0.0,0.0,0.0
2026-02,CUST-0020,CTR-00039,Acme Argentina SA,USD,0.0,14053441.95,14053441.95,0.0,0.0,0.0
2026-03,CUST-0020,CTR-00039,Acme Argentina SA,USD,0.0,12072804.78,12072804.78,0.0,0.0,0.0
2026-04,CUST-0020,CTR-00039,Acme Argentina SA,USD,0.0,12979277.43,12979277.43,0.0,0.0,0.0
2026-05,CUST-0020,CTR-00039,Acme Argentina SA,USD,0.0,9691362.96,9691362.96,0.0,0.0,0.0
2025-08,CUST-0021,CTR-00041,Acme EU GmbH,EUR,0.0,0.0,185493.83,0.0,0.0,-185493.83
2025-09,CUST-0021,CTR-00041,Acme EU GmbH,EUR,-185493.83,185493.83,185493.83,0.0,0.0,-185493.83
2025-10,CUST-0021,CTR-00041,Acme EU GmbH,EUR,-185493.83,0.0,185493.83,0.0,0.0,-370987.66
2025-11,CUST-0021,CTR-00041,Acme EU GmbH,EUR,-370987.66,370987.66,185493.83,0.0,0.0,-185493.83
2025-12,CUST-0021,CTR-00041,Acme EU GmbH,EUR,-185493.83,185493.83,185493.83,0.0,0.0,-185493.83
2026-01,CUST-0021,CTR-00041,Acme EU GmbH,EUR,-185493.83,0.0,0.0,0.0,0.0,-185493.83
2026-02,CUST-0021,CTR-00041,Acme EU GmbH,EUR,-185493.83,185493.83,185493.83,0.0,0.0,-185493.83
2026-03,CUST-0021,CTR-00041,Acme EU GmbH,EUR,-185493.83,185493.83,185493.83,0.0,0.0,-185493.83
2026-04,CUST-0021,CTR-00041,Acme EU GmbH,EUR,-185493.83,185493.83,185493.83,0.0,0.0,-185493.83
2026-05,CUST-0021,CTR-00041,Acme EU GmbH,EUR,-185493.83,157669.76,157669.76,0.0,0.0,-185493.83
2026-05,CUST-0021,CTR-00042,Acme EU GmbH,EUR,0.0,344660.49,344660.49,0.0,0.0,0.0
2026-01,CUST-0022,CTR-00043,Acme US Inc,USD,0.0,5150.0,1716.67,0.0,0.0,3433.33
2026-02,CUST-0022,CTR-00043,Acme US Inc,USD,3433.33,0.0,1716.67,0.0,0.0,1716.66
2026-03,CUST-0022,CTR-00043,Acme US Inc,USD,1716.66,0.0,1716.67,0.0,0.0,-2200.01
2026-04,CUST-0022,CTR-00043,Acme US Inc,USD,-0.01,5150.0,1716.67,0.0,0.0,3433.32
2026-05,CUST-0022,CTR-00043,Acme US Inc,USD,3433.32,0.0,1716.67,0.0,0.0,1716.65
2026-05,CUST-0023,CTR-00044,Acme US Inc,USD,0.0,1150.0,1150.0,0.0,0.0,0.0
2025-07,CUST-0023,CTR-00046,Acme US Inc,USD,0.0,2519.5,2519.5,0.0,0.0,0.0
2025-08,CUST-0023,CTR-00046,Acme US Inc,USD,0.0,3165.59,3165.59,0.0,0.0,0.0
2025-09,CUST-0023,CTR-00046,Acme US Inc,USD,0.0,0.0,2520.61,0.0,0.0,-2520.61
2025-10,CUST-0023,CTR-00046,Acme US Inc,USD,-2520.61,5920.54,3399.93,0.0,0.0,0.0
2025-11,CUST-0023,CTR-00046,Acme US Inc,USD,0.0,4197.5,4197.5,0.0,0.0,0.0
2025-12,CUST-0023,CTR-00046,Acme US Inc,USD,0.0,4125.8,4125.8,0.0,0.0,0.0
2026-01,CUST-0023,CTR-00046,Acme US Inc,USD,0.0,8427.86,8427.86,0.0,0.0,0.0
2026-02,CUST-0023,CTR-00046,Acme US Inc,USD,0.0,2839.29,2839.29,0.0,0.0,0.0
2026-03,CUST-0023,CTR-00046,Acme US Inc,USD,0.0,2680.15,2680.15,0.0,0.0,0.0
2026-04,CUST-0023,CTR-00046,Acme US Inc,USD,0.0,3088.62,3088.62,0.0,0.0,0.0
2026-05,CUST-0023,CTR-00046,Acme US Inc,USD,0.0,2520.39,2520.39,0.0,0.0,0.0
2026-05,CUST-0024,CTR-00047,Acme US Inc,USD,0.0,5500.0,5500.0,0.0,0.0,0.0
2026-01,CUST-0024,CTR-00048,Acme US Inc,USD,0.0,2175.42,2175.42,0.0,0.0,0.0
2026-02,CUST-0024,CTR-00048,Acme US Inc,USD,0.0,1891.67,1891.67,0.0,0.0,0.0
2026-04,CUST-0024,CTR-00048,Acme US Inc,USD,0.0,1891.67,1891.67,0.0,0.0,0.0
2026-05,CUST-0024,CTR-00048,Acme US Inc,USD,0.0,0.0,1891.67,0.0,0.0,-1891.67
2026-04,CUST-0025,CTR-00049,Acme US Inc,USD,0.0,236500.0,236500.0,0.0,0.0,0.0
2026-05,CUST-0025,CTR-00049,Acme US Inc,USD,0.0,236500.0,236500.0,0.0,0.0,0.0
2025-02,CUST-0025,CTR-00051,Acme US Inc,USD,0.0,155200.0,155200.0,0.0,0.0,0.0
2025-03,CUST-0025,CTR-00051,Acme US Inc,USD,0.0,155200.0,155200.0,0.0,0.0,0.0
2026-04,CUST-0025,CTR-00051,Acme US Inc,USD,0.0,155200.0,155200.0,0.0,0.0,0.0
2026-05,CUST-0025,CTR-00051,Acme US Inc,USD,0.0,155200.0,155200.0,0.0,0.0,0.0
2026-04,CUST-0025,CTR-00052,Acme US Inc,USD,0.0,37991.67,37991.67,0.0,0.0,0.0
2026-05,CUST-0025,CTR-00052,Acme US Inc,USD,0.0,37991.67,37991.67,0.0,0.0,0.0
2026-02,CUST-0026,CTR-00055,Acme EU GmbH,EUR,0.0,60277.78,60277.78,0.0,0.0,0.0
2025-10,CUST-0027,CTR-00057,Acme US Inc,USD,0.0,24800.0,24800.0,0.0,0.0,0.0
2025-11,CUST-0027,CTR-00057,Acme US Inc,USD,0.0,24800.0,24800.0,0.0,0.0,0.0
2025-12,CUST-0027,CTR-00057,Acme US Inc,USD,0.0,24800.0,24800.0,0.0,0.0,0.0
2025-04,CUST-0027,CTR-00058,Acme US Inc,USD,0.0,63300.0,63300.0,0.0,0.0,0.0
2025-04,CUST-0027,CTR-00059,Acme US Inc,USD,0.0,75300.0,75300.0,0.0,0.0,0.0
2026-03,CUST-0027,CTR-00060,Acme US Inc,USD,0.0,24466.53,24466.53,0.0,0.0,0.0
2026-03,CUST-0028,CTR-00061,Acme US Inc,USD,0.0,169000.0,169000.0,0.0,0.0,0.0
2026-04,CUST-0028,CTR-00061,Acme US Inc,USD,0.0,169000.0,169000.0,0.0,0.0,0.0
2026-05,CUST-0028,CTR-00061,Acme US Inc,USD,0.0,169000.0,169000.0,0.0,0.0,0.0
2025-08,CUST-0028,CTR-00062,Acme US Inc,USD,0.0,0.0,275200.0,0.0,0.0,-275200.0
2025-09,CUST-0028,CTR-00062,Acme US Inc,USD,-275200.0,275200.0,0.0,0.0,0.0,0.0
2026-02,CUST-0029,CTR-00065,Acme US Inc,USD,0.0,14020.42,14020.42,0.0,0.0,-2200.0
2026-03,CUST-0029,CTR-00065,Acme US Inc,USD,0.0,12191.67,12191.67,0.0,0.0,0.0
2026-04,CUST-0029,CTR-00065,Acme US Inc,USD,0.0,12191.67,12191.67,0.0,0.0,0.0
2026-05,CUST-0029,CTR-00065,Acme US Inc,USD,0.0,12191.67,12191.67,0.0,0.0,0.0
2026-04,CUST-0030,CTR-00067,Acme US Inc,USD,0.0,3370.88,3370.88,0.0,0.0,0.0
2026-05,CUST-0030,CTR-00067,Acme US Inc,USD,0.0,3907.37,3907.37,0.0,0.0,0.0
2026-03,CUST-0031,CTR-00068,Acme Mexico SA,MXN,0.0,150649.12,150649.12,0.0,0.0,0.0
2025-10,CUST-0031,CTR-00070,Acme Mexico SA,MXN,0.0,1138793.1,1138793.1,0.0,0.0,0.0
2025-11,CUST-0031,CTR-00070,Acme Mexico SA,MXN,0.0,1138793.1,1138793.1,0.0,0.0,0.0
2025-10,CUST-0032,CTR-00071,Acme Brasil Ltda,BRL,0.0,92212.53,92212.53,0.0,0.0,0.0
2025-11,CUST-0032,CTR-00071,Acme Brasil Ltda,BRL,0.0,73629.79,73629.79,0.0,0.0,0.0
2025-12,CUST-0032,CTR-00071,Acme Brasil Ltda,BRL,0.0,90586.7,90586.7,0.0,0.0,0.0
2026-01,CUST-0032,CTR-00071,Acme Brasil Ltda,BRL,0.0,0.0,106241.52,0.0,0.0,-106241.52
2026-02,CUST-0032,CTR-00071,Acme Brasil Ltda,BRL,-106241.52,167209.0,60967.48,0.0,0.0,-0.0
2026-03,CUST-0032,CTR-00071,Acme Brasil Ltda,BRL,-0.0,207701.94,207701.94,0.0,0.0,0.0
2026-04,CUST-0032,CTR-00071,Acme Brasil Ltda,BRL,0.0,58691.47,58691.47,0.0,0.0,0.0
2026-05,CUST-0032,CTR-00071,Acme Brasil Ltda,BRL,0.0,91206.8,91206.8,0.0,0.0,0.0
2025-10,CUST-0032,CTR-00072,Acme Brasil Ltda,BRL,0.0,289000.0,96333.33,0.0,0.0,192666.67
2025-11,CUST-0032,CTR-00072,Acme Brasil Ltda,BRL,192666.67,0.0,96333.33,0.0,0.0,96333.34
2025-12,CUST-0032,CTR-00072,Acme Brasil Ltda,BRL,96333.34,0.0,96333.33,0.0,0.0,0.01
2026-01,CUST-0032,CTR-00072,Acme Brasil Ltda,BRL,0.01,340000.0,113333.33,0.0,0.0,226666.68
2026-02,CUST-0032,CTR-00072,Acme Brasil Ltda,BRL,226666.68,0.0,113333.33,0.0,0.0,113333.35
2026-03,CUST-0032,CTR-00072,Acme Brasil Ltda,BRL,113333.35,0.0,226666.66,0.0,0.0,-113333.31
2026-04,CUST-0032,CTR-00072,Acme Brasil Ltda,BRL,-113333.31,340000.0,113333.33,0.0,0.0,113333.36
2026-05,CUST-0032,CTR-00072,Acme Brasil Ltda,BRL,113333.36,0.0,113333.33,0.0,0.0,0.03
2026-03,CUST-0033,CTR-00074,Acme US Inc,USD,0.0,1990.2,1990.2,0.0,0.0,0.0
2026-04,CUST-0033,CTR-00074,Acme US Inc,USD,0.0,2404.78,2404.78,0.0,0.0,0.0
2026-05,CUST-0033,CTR-00074,Acme US Inc,USD,0.0,3289.4,3289.4,0.0,0.0,0.0
2026-01,CUST-0033,CTR-00075,Acme US Inc,USD,0.0,36538.32,36538.32,0.0,0.0,0.0
2026-04,CUST-0034,CTR-00077,Acme EU GmbH,EUR,0.0,3518.52,3518.52,0.0,0.0,0.0
2026-05,CUST-0034,CTR-00077,Acme EU GmbH,EUR,0.0,0.0,3518.52,0.0,0.0,-3518.52
2025-09,CUST-0036,CTR-00079,Acme US Inc,USD,0.0,340300.0,340300.0,0.0,0.0,0.0
2025-02,CUST-0036,CTR-00080,Acme US Inc,USD,0.0,294450.0,294450.0,0.0,0.0,0.0
2025-03,CUST-0036,CTR-00080,Acme US Inc,USD,0.0,294450.0,294450.0,0.0,0.0,0.0
2026-02,CUST-0036,CTR-00081,Acme US Inc,USD,0.0,232066.67,232066.67,0.0,0.0,0.0
2026-03,CUST-0036,CTR-00081,Acme US Inc,USD,0.0,232066.67,232066.67,0.0,0.0,0.0
2026-01,CUST-0037,CTR-00082,Acme US Inc,USD,0.0,3500.0,3500.0,0.0,0.0,0.0
2026-02,CUST-0037,CTR-00082,Acme US Inc,USD,0.0,3500.0,3500.0,0.0,0.0,0.0
2026-02,CUST-0037,CTR-00083,Acme US Inc,USD,0.0,2466.67,2466.67,0.0,0.0,0.0
2026-03,CUST-0037,CTR-00083,Acme US Inc,USD,0.0,2836.67,2836.67,0.0,0.0,0.0
2026-04,CUST-0037,CTR-00083,Acme US Inc,USD,0.0,2466.67,2466.67,0.0,0.0,1500.0
2026-05,CUST-0037,CTR-00083,Acme US Inc,USD,0.0,2466.67,2466.67,0.0,0.0,0.0
2025-03,CUST-0037,CTR-00084,Acme US Inc,USD,0.0,4900.0,4900.0,0.0,0.0,0.0
2025-06,CUST-0038,CTR-00085,Acme EU GmbH,EUR,0.0,0.0,1018.52,0.0,0.0,-1018.52
2025-07,CUST-0038,CTR-00085,Acme EU GmbH,EUR,-1018.52,2037.04,1018.52,0.0,0.0,0.0
2025-06,CUST-0038,CTR-00086,Acme EU GmbH,EUR,0.0,2407.41,2407.41,0.0,0.0,0.0
2025-07,CUST-0038,CTR-00086,Acme EU GmbH,EUR,0.0,2407.41,2407.41,0.0,0.0,0.0
2025-08,CUST-0038,CTR-00086,Acme EU GmbH,EUR,0.0,2407.41,2407.41,0.0,0.0,0.0
2026-04,CUST-0038,CTR-00088,Acme EU GmbH,EUR,0.0,2106.48,2106.48,0.0,0.0,0.0
2026-05,CUST-0038,CTR-00088,Acme EU GmbH,EUR,0.0,2106.48,2106.48,0.0,0.0,0.0
2026-05,CUST-0039,CTR-00089,Acme US Inc,USD,0.0,205300.0,68433.33,0.0,0.0,136866.67
2025-10,CUST-0042,CTR-00092,Acme UK Ltd,GBP,0.0,6614.17,6614.17,0.0,0.0,0.0
2025-11,CUST-0042,CTR-00092,Acme UK Ltd,GBP,0.0,6614.17,6614.17,0.0,0.0,0.0
2025-12,CUST-0042,CTR-00092,Acme UK Ltd,GBP,0.0,6614.17,6614.17,0.0,0.0,0.0
2026-05,CUST-0042,CTR-00093,Acme UK Ltd,GBP,0.0,6254.23,6254.23,0.0,0.0,0.0
2026-01,CUST-0043,CTR-00094,Acme EU GmbH,EUR,0.0,2913425.93,242785.49,0.0,0.0,2670640.44
2026-02,CUST-0043,CTR-00094,Acme EU GmbH,EUR,2670640.44,0.0,242785.49,0.0,0.0,2427854.95
2026-03,CUST-0043,CTR-00094,Acme EU GmbH,EUR,2427854.95,0.0,242785.49,0.0,0.0,2185069.46
2026-04,CUST-0043,CTR-00094,Acme EU GmbH,EUR,2185069.46,0.0,242785.49,0.0,0.0,1942283.97
2026-05,CUST-0043,CTR-00094,Acme EU GmbH,EUR,1942283.97,0.0,242785.49,0.0,0.0,1699498.48
2025-11,CUST-0044,CTR-00097,Acme US Inc,USD,0.0,0.0,15923.34,0.0,0.0,-15923.34
2025-12,CUST-0044,CTR-00097,Acme US Inc,USD,-15923.34,191080.0,15923.34,0.0,0.0,159233.32
2026-01,CUST-0044,CTR-00097,Acme US Inc,USD,159233.32,0.0,15923.34,0.0,0.0,143309.98
2026-02,CUST-0044,CTR-00097,Acme US Inc,USD,143309.98,0.0,15923.34,0.0,0.0,127386.64
2026-03,CUST-0044,CTR-00097,Acme US Inc,USD,127386.64,0.0,15923.34,0.0,0.0,111463.3
2026-04,CUST-0044,CTR-00097,Acme US Inc,USD,111463.3,0.0,15923.34,0.0,0.0,95539.96
2026-05,CUST-0044,CTR-00097,Acme US Inc,USD,95539.96,0.0,15923.34,0.0,0.0,79616.62
2025-08,CUST-0045,CTR-00099,Acme US Inc,USD,0.0,22700.0,22700.0,0.0,0.0,0.0
2025-08,CUST-0045,CTR-00101,Acme US Inc,USD,0.0,20900.0,1741.67,0.0,0.0,19158.33
2025-09,CUST-0045,CTR-00101,Acme US Inc,USD,19158.33,0.0,1741.67,0.0,0.0,17416.66
2025-10,CUST-0045,CTR-00101,Acme US Inc,USD,17416.66,0.0,1741.67,0.0,0.0,15674.99
2025-11,CUST-0045,CTR-00101,Acme US Inc,USD,15674.99,0.0,1741.67,0.0,0.0,13933.32
2025-12,CUST-0045,CTR-00101,Acme US Inc,USD,13933.32,0.0,1741.67,0.0,0.0,12191.65
2026-01,CUST-0045,CTR-00101,Acme US Inc,USD,12191.65,0.0,1741.67,0.0,0.0,10449.98
2026-02,CUST-0045,CTR-00101,Acme US Inc,USD,10449.98,0.0,1741.67,0.0,0.0,8708.31
2026-03,CUST-0045,CTR-00101,Acme US Inc,USD,8708.31,0.0,1741.67,0.0,0.0,6966.64
2026-04,CUST-0045,CTR-00101,Acme US Inc,USD,6966.64,0.0,1741.67,0.0,0.0,5224.97
2026-05,CUST-0045,CTR-00101,Acme US Inc,USD,5224.97,0.0,1741.67,0.0,0.0,3483.3
2026-02,CUST-0047,CTR-00102,Acme UK Ltd,GBP,0.0,2375.33,2375.33,0.0,0.0,0.0
2026-03,CUST-0047,CTR-00102,Acme UK Ltd,GBP,0.0,2375.33,2375.33,0.0,0.0,0.0
2026-04,CUST-0047,CTR-00102,Acme UK Ltd,GBP,0.0,2375.33,2375.33,0.0,0.0,0.0
2026-05,CUST-0047,CTR-00102,Acme UK Ltd,GBP,0.0,2375.33,4750.66,0.0,0.0,-2375.33
2026-05,CUST-0047,CTR-00103,Acme UK Ltd,GBP,0.0,1082.68,360.89,0.0,0.0,721.79
2025-07,CUST-0047,CTR-00104,Acme UK Ltd,GBP,0.0,13937.01,13937.01,0.0,0.0,0.0
2026-02,CUST-0048,CTR-00107,Acme EU GmbH,EUR,0.0,41944.44,41944.44,0.0,0.0,0.0
2025-11,CUST-0049,CTR-00108,Acme US Inc,USD,0.0,23896.65,23896.65,0.0,0.0,0.0
2026-02,CUST-0049,CTR-00108,Acme US Inc,USD,0.0,31687.59,31687.59,0.0,0.0,0.0
2026-05,CUST-0049,CTR-00108,Acme US Inc,USD,0.0,24391.66,24391.66,0.0,0.0,0.0
2026-05,CUST-0050,CTR-00109,Acme Brasil Ltda,BRL,0.0,0.0,82958.33,0.0,0.0,-82958.33
2025-07,CUST-0050,CTR-00110,Acme Brasil Ltda,BRL,0.0,442625.0,147541.67,0.0,0.0,295083.33
2025-08,CUST-0050,CTR-00110,Acme Brasil Ltda,BRL,295083.33,0.0,147541.67,0.0,0.0,147541.66
2025-09,CUST-0050,CTR-00110,Acme Brasil Ltda,BRL,147541.66,0.0,147541.67,0.0,0.0,-0.01
2025-10,CUST-0050,CTR-00110,Acme Brasil Ltda,BRL,-0.01,442625.0,147541.67,0.0,0.0,295083.32
2025-11,CUST-0050,CTR-00110,Acme Brasil Ltda,BRL,295083.32,0.0,147541.67,0.0,0.0,147541.65
2025-12,CUST-0050,CTR-00110,Acme Brasil Ltda,BRL,147541.65,0.0,147541.67,0.0,0.0,-0.02
2026-01,CUST-0050,CTR-00110,Acme Brasil Ltda,BRL,-0.02,442625.0,147541.67,0.0,0.0,295083.31
2026-02,CUST-0050,CTR-00110,Acme Brasil Ltda,BRL,295083.31,0.0,147541.67,0.0,0.0,147541.64
2026-03,CUST-0050,CTR-00110,Acme Brasil Ltda,BRL,147541.64,0.0,147541.67,0.0,0.0,-0.03
2026-04,CUST-0050,CTR-00110,Acme Brasil Ltda,BRL,-0.03,509018.75,169672.92,0.0,0.0,339345.8
2026-05,CUST-0050,CTR-00110,Acme Brasil Ltda,BRL,339345.8,0.0,169672.92,0.0,0.0,169672.88
2025-09,CUST-0050,CTR-00111,Acme Brasil Ltda,BRL,0.0,635500.0,635500.0,0.0,0.0,0.0
2026-03,CUST-0051,CTR-00113,Acme US Inc,USD,0.0,2700.0,2700.0,0.0,0.0,0.0
2026-04,CUST-0051,CTR-00113,Acme US Inc,USD,0.0,2700.0,2700.0,0.0,0.0,0.0
2026-05,CUST-0051,CTR-00114,Acme US Inc,USD,0.0,1244.93,1244.93,0.0,0.0,0.0
2026-04,CUST-0051,CTR-00115,Acme US Inc,USD,0.0,0.0,3250.0,0.0,0.0,-3250.0
2026-05,CUST-0051,CTR-00115,Acme US Inc,USD,-3250.0,39000.0,3250.0,0.0,0.0,32500.0
2026-03,CUST-0052,CTR-00116,Acme US Inc,USD,0.0,14400.0,14400.0,0.0,0.0,0.0
2025-04,CUST-0052,CTR-00118,Acme US Inc,USD,0.0,1241.67,1241.67,0.0,0.0,0.0
2025-05,CUST-0052,CTR-00118,Acme US Inc,USD,0.0,1241.67,1241.67,0.0,0.0,0.0
2025-06,CUST-0052,CTR-00118,Acme US Inc,USD,0.0,0.0,1241.67,0.0,0.0,-1241.67
2025-07,CUST-0052,CTR-00118,Acme US Inc,USD,-1241.67,2483.34,1241.67,0.0,0.0,0.0
2025-08,CUST-0052,CTR-00118,Acme US Inc,USD,0.0,1241.67,1241.67,0.0,0.0,0.0
2025-09,CUST-0052,CTR-00118,Acme US Inc,USD,0.0,1241.67,1241.67,0.0,0.0,0.0
2025-10,CUST-0052,CTR-00118,Acme US Inc,USD,0.0,1241.67,1241.67,0.0,0.0,0.0
2025-11,CUST-0052,CTR-00118,Acme US Inc,USD,0.0,1241.67,1241.67,0.0,0.0,0.0
2025-12,CUST-0052,CTR-00118,Acme US Inc,USD,0.0,1241.67,1241.67,0.0,0.0,0.0
2026-01,CUST-0052,CTR-00118,Acme US Inc,USD,0.0,1241.67,1241.67,0.0,0.0,0.0
2026-02,CUST-0052,CTR-00118,Acme US Inc,USD,0.0,1427.92,1427.92,0.0,0.0,0.0
2026-03,CUST-0052,CTR-00118,Acme US Inc,USD,0.0,1241.67,1241.67,0.0,0.0,0.0
2026-04,CUST-0052,CTR-00118,Acme US Inc,USD,0.0,1241.67,1241.67,0.0,0.0,0.0
2026-05,CUST-0052,CTR-00118,Acme US Inc,USD,0.0,1241.67,1241.67,0.0,0.0,0.0
2025-10,CUST-0053,CTR-00120,Acme UK Ltd,GBP,0.0,225511.81,225511.81,0.0,0.0,0.0
2025-05,CUST-0054,CTR-00122,Acme US Inc,USD,0.0,0.0,318000.0,0.0,0.0,-318000.0
2025-06,CUST-0054,CTR-00122,Acme US Inc,USD,-318000.0,318000.0,0.0,0.0,0.0,0.0
2025-05,CUST-0054,CTR-00123,Acme US Inc,USD,0.0,191100.0,191100.0,0.0,0.0,0.0
2026-01,CUST-0055,CTR-00124,Acme EU GmbH,EUR,0.0,43364.05,43364.05,0.0,0.0,0.0
2026-04,CUST-0055,CTR-00124,Acme EU GmbH,EUR,0.0,32565.02,32565.02,0.0,0.0,0.0
2026-05,CUST-0055,CTR-00125,Acme EU GmbH,EUR,0.0,6759.26,6759.26,0.0,0.0,0.0
2026-01,CUST-0055,CTR-00127,Acme EU GmbH,EUR,0.0,9479.7,9479.7,0.0,0.0,0.0
2026-02,CUST-0055,CTR-00127,Acme EU GmbH,EUR,0.0,10255.27,10255.27,0.0,0.0,0.0
2026-03,CUST-0055,CTR-00127,Acme EU GmbH,EUR,0.0,9408.58,9408.58,0.0,0.0,0.0
2026-04,CUST-0055,CTR-00127,Acme EU GmbH,EUR,0.0,6110.27,6110.27,0.0,0.0,0.0
2026-05,CUST-0055,CTR-00127,Acme EU GmbH,EUR,0.0,8405.6,8405.6,0.0,0.0,0.0
2025-05,CUST-0056,CTR-00128,Acme EU GmbH,EUR,0.0,7222.22,601.85,0.0,0.0,6620.37
2025-06,CUST-0056,CTR-00128,Acme EU GmbH,EUR,6620.37,0.0,601.85,0.0,0.0,6018.52
2025-07,CUST-0056,CTR-00128,Acme EU GmbH,EUR,6018.52,0.0,601.85,0.0,0.0,5416.67
2025-08,CUST-0056,CTR-00128,Acme EU GmbH,EUR,5416.67,0.0,601.85,0.0,0.0,4814.82
2025-09,CUST-0056,CTR-00128,Acme EU GmbH,EUR,4814.82,0.0,601.85,0.0,0.0,4212.97
2025-10,CUST-0056,CTR-00128,Acme EU GmbH,EUR,4212.97,0.0,601.85,0.0,0.0,3611.12
2025-11,CUST-0056,CTR-00128,Acme EU GmbH,EUR,3611.12,0.0,601.85,0.0,0.0,3009.27
2025-12,CUST-0056,CTR-00128,Acme EU GmbH,EUR,3009.27,0.0,601.85,0.0,0.0,2407.42
2026-01,CUST-0056,CTR-00128,Acme EU GmbH,EUR,2407.42,0.0,601.85,0.0,0.0,1805.57
2026-02,CUST-0056,CTR-00128,Acme EU GmbH,EUR,1805.57,0.0,601.85,0.0,0.0,1203.72
2026-03,CUST-0056,CTR-00128,Acme EU GmbH,EUR,1203.72,0.0,601.85,0.0,0.0,601.87
2026-04,CUST-0056,CTR-00128,Acme EU GmbH,EUR,601.87,0.0,601.85,0.0,0.0,0.02
2026-05,CUST-0056,CTR-00128,Acme EU GmbH,EUR,0.02,7222.22,601.85,0.0,0.0,6620.39
2026-05,CUST-0056,CTR-00130,Acme EU GmbH,EUR,0.0,22675.14,22675.14,0.0,0.0,0.0
2025-04,CUST-0057,CTR-00132,Acme US Inc,USD,0.0,0.0,9800.0,0.0,0.0,-9800.0
2025-05,CUST-0057,CTR-00132,Acme US Inc,USD,-9800.0,9800.0,0.0,0.0,0.0,0.0
2025-04,CUST-0058,CTR-00133,Acme US Inc,USD,0.0,20320.31,20320.31,0.0,0.0,0.0
2025-07,CUST-0058,CTR-00133,Acme US Inc,USD,0.0,15234.66,15234.66,0.0,0.0,0.0
2025-10,CUST-0058,CTR-00133,Acme US Inc,USD,0.0,25134.36,25134.36,0.0,0.0,0.0
2026-01,CUST-0058,CTR-00133,Acme US Inc,USD,0.0,19705.72,19705.72,0.0,0.0,0.0
2026-04,CUST-0058,CTR-00133,Acme US Inc,USD,0.0,26220.96,26220.96,0.0,0.0,0.0
2025-08,CUST-0058,CTR-00134,Acme US Inc,USD,0.0,8425.0,8425.0,0.0,0.0,0.0
2025-09,CUST-0058,CTR-00134,Acme US Inc,USD,0.0,8425.0,8425.0,0.0,0.0,0.0
2025-10,CUST-0058,CTR-00134,Acme US Inc,USD,0.0,8425.0,16850.0,0.0,0.0,-8425.0
2025-11,CUST-0058,CTR-00134,Acme US Inc,USD,-8425.0,8425.0,8425.0,0.0,0.0,-8425.0
2025-12,CUST-0058,CTR-00134,Acme US Inc,USD,-8425.0,8425.0,8425.0,0.0,0.0,-8425.0
2026-01,CUST-0058,CTR-00134,Acme US Inc,USD,-8425.0,8425.0,8425.0,0.0,0.0,-8425.0
2026-02,CUST-0058,CTR-00134,Acme US Inc,USD,-8425.0,8425.0,8425.0,0.0,0.0,-8425.0
2026-03,CUST-0058,CTR-00134,Acme US Inc,USD,-8425.0,0.0,8425.0,0.0,0.0,-16850.0
2026-04,CUST-0058,CTR-00134,Acme US Inc,USD,-16850.0,16850.0,8425.0,0.0,0.0,-8425.0
2026-05,CUST-0058,CTR-00134,Acme US Inc,USD,-8425.0,8425.0,8425.0,0.0,0.0,-8425.0
2026-03,CUST-0059,CTR-00138,Acme UK Ltd,GBP,0.0,212283.46,17690.29,0.0,0.0,194593.17
2026-04,CUST-0059,CTR-00138,Acme UK Ltd,GBP,194593.17,0.0,17690.29,0.0,0.0,176902.88
2026-05,CUST-0059,CTR-00138,Acme UK Ltd,GBP,176902.88,0.0,17690.29,0.0,0.0,159212.59
2025-08,CUST-0059,CTR-00139,Acme UK Ltd,GBP,0.0,252519.69,252519.69,0.0,0.0,0.0
2026-03,CUST-0059,CTR-00140,Acme UK Ltd,GBP,0.0,90078.74,90078.74,0.0,0.0,0.0
2025-03,CUST-0060,CTR-00142,Acme US Inc,USD,0.0,4400.0,4400.0,0.0,0.0,0.0
2025-02,CUST-0061,CTR-00143,Acme US Inc,USD,0.0,7800.0,7800.0,0.0,0.0,0.0
2025-08,CUST-0061,CTR-00144,Acme US Inc,USD,0.0,15000.0,15000.0,0.0,0.0,0.0
2025-09,CUST-0061,CTR-00144,Acme US Inc,USD,0.0,15000.0,15000.0,0.0,0.0,0.0
2026-04,CUST-0062,CTR-00146,Acme US Inc,USD,0.0,39900.0,39900.0,0.0,0.0,0.0
2026-05,CUST-0062,CTR-00146,Acme US Inc,USD,0.0,39900.0,39900.0,0.0,0.0,0.0
2026-04,CUST-0064,CTR-00149,Acme UK Ltd,GBP,0.0,79055.12,79055.12,0.0,0.0,0.0
2025-06,CUST-0064,CTR-00150,Acme UK Ltd,GBP,0.0,0.0,86535.43,0.0,0.0,-86535.43
2025-07,CUST-0064,CTR-00150,Acme UK Ltd,GBP,-86535.43,86535.43,0.0,0.0,0.0,0.0
2025-02,CUST-0065,CTR-00151,Acme US Inc,USD,0.0,193177.1,193177.1,0.0,0.0,0.0
2026-02,CUST-0065,CTR-00151,Acme US Inc,USD,0.0,134991.75,134991.75,0.0,0.0,0.0
2026-04,CUST-0065,CTR-00152,Acme US Inc,USD,0.0,9545.07,9545.07,0.0,0.0,0.0
2026-05,CUST-0065,CTR-00152,Acme US Inc,USD,0.0,8198.06,8198.06,0.0,0.0,0.0
2025-05,CUST-0066,CTR-00154,Acme US Inc,USD,0.0,25300.0,25300.0,0.0,0.0,0.0
2025-04,CUST-0066,CTR-00155,Acme US Inc,USD,0.0,12300.0,12300.0,0.0,0.0,0.0
2025-05,CUST-0066,CTR-00155,Acme US Inc,USD,0.0,12300.0,12300.0,0.0,0.0,0.0
2025-04,CUST-0066,CTR-00156,Acme US Inc,USD,0.0,6866.67,6866.67,0.0,0.0,0.0
2025-05,CUST-0066,CTR-00156,Acme US Inc,USD,0.0,6866.67,6866.67,0.0,0.0,0.0
2025-06,CUST-0066,CTR-00156,Acme US Inc,USD,0.0,6866.67,6866.67,0.0,0.0,0.0
2025-08,CUST-0067,CTR-00157,Acme US Inc,USD,0.0,2883.33,2883.33,0.0,0.0,0.0
2025-09,CUST-0067,CTR-00157,Acme US Inc,USD,0.0,2883.33,2883.33,0.0,0.0,0.0
2025-10,CUST-0067,CTR-00157,Acme US Inc,USD,0.0,0.0,2883.33,0.0,0.0,-2883.33
2025-11,CUST-0067,CTR-00157,Acme US Inc,USD,-2883.33,5766.66,2883.33,0.0,0.0,0.0
2025-12,CUST-0067,CTR-00157,Acme US Inc,USD,0.0,2883.33,2883.33,0.0,0.0,0.0
2026-01,CUST-0067,CTR-00157,Acme US Inc,USD,0.0,2883.33,2883.33,0.0,0.0,0.0
2026-02,CUST-0067,CTR-00157,Acme US Inc,USD,0.0,2883.33,2883.33,0.0,0.0,0.0
2026-03,CUST-0067,CTR-00157,Acme US Inc,USD,0.0,2883.33,2883.33,0.0,0.0,0.0
2026-04,CUST-0067,CTR-00157,Acme US Inc,USD,0.0,2883.33,2883.33,0.0,0.0,0.0
2026-05,CUST-0067,CTR-00157,Acme US Inc,USD,0.0,2883.33,2883.33,0.0,0.0,0.0
2026-04,CUST-0068,CTR-00159,Acme EU GmbH,EUR,0.0,13425.93,1118.83,0.0,0.0,12307.1
2026-05,CUST-0068,CTR-00159,Acme EU GmbH,EUR,12307.1,0.0,1118.83,0.0,0.0,11188.27
2026-01,CUST-0069,CTR-00160,Acme US Inc,USD,0.0,61900.0,61900.0,0.0,0.0,0.0
2025-08,CUST-0069,CTR-00161,Acme US Inc,USD,0.0,20900.0,20900.0,0.0,0.0,0.0
2025-11,CUST-0070,CTR-00162,Acme Mexico SA,MXN,0.0,1606562.62,1606562.62,0.0,0.0,0.0
2025-12,CUST-0070,CTR-00162,Acme Mexico SA,MXN,0.0,1560947.7,1560947.7,0.0,0.0,0.0
2026-01,CUST-0070,CTR-00162,Acme Mexico SA,MXN,0.0,0.0,1048215.27,0.0,0.0,-1048215.27
2026-02,CUST-0070,CTR-00162,Acme Mexico SA,MXN,-1048215.27,2176251.3,1128036.03,0.0,0.0,-0.0
2026-03,CUST-0070,CTR-00162,Acme Mexico SA,MXN,-0.0,977277.27,977277.27,0.0,0.0,0.0
2026-04,CUST-0070,CTR-00162,Acme Mexico SA,MXN,0.0,1303841.98,1303841.98,0.0,0.0,0.0
2026-05,CUST-0070,CTR-00162,Acme Mexico SA,MXN,0.0,1318764.54,1318764.54,0.0,0.0,0.0
2025-09,CUST-0070,CTR-00163,Acme Mexico SA,MXN,0.0,1420219.88,1420219.88,0.0,0.0,0.0
2025-10,CUST-0070,CTR-00163,Acme Mexico SA,MXN,0.0,994560.21,994560.21,0.0,0.0,0.0
2025-11,CUST-0070,CTR-00163,Acme Mexico SA,MXN,0.0,1316683.4,1316683.4,0.0,0.0,0.0
2025-12,CUST-0070,CTR-00163,Acme Mexico SA,MXN,0.0,1338156.96,1338156.96,0.0,0.0,0.0
2026-01,CUST-0070,CTR-00163,Acme Mexico SA,MXN,0.0,928649.88,928649.88,0.0,0.0,0.0
2026-02,CUST-0070,CTR-00163,Acme Mexico SA,MXN,0.0,1536340.38,1536340.38,0.0,0.0,0.0
2026-03,CUST-0070,CTR-00163,Acme Mexico SA,MXN,0.0,1227696.06,1227696.06,0.0,0.0,0.0
2026-04,CUST-0070,CTR-00163,Acme Mexico SA,MXN,0.0,1465592.57,1465592.57,0.0,0.0,0.0
2026-05,CUST-0070,CTR-00163,Acme Mexico SA,MXN,0.0,0.0,1045987.57,0.0,0.0,-1045987.57
2025-08,CUST-0071,CTR-00164,Acme US Inc,USD,0.0,1972.28,1972.28,0.0,0.0,0.0
2025-09,CUST-0071,CTR-00164,Acme US Inc,USD,0.0,1614.95,1614.95,0.0,0.0,0.0
2025-10,CUST-0071,CTR-00164,Acme US Inc,USD,0.0,1986.13,1986.13,0.0,0.0,0.0
2025-11,CUST-0071,CTR-00164,Acme US Inc,USD,0.0,1651.07,1651.07,0.0,0.0,0.0
2025-12,CUST-0071,CTR-00164,Acme US Inc,USD,0.0,1948.37,1948.37,0.0,0.0,0.0
2026-01,CUST-0071,CTR-00164,Acme US Inc,USD,0.0,1586.92,1586.92,0.0,0.0,0.0
2026-02,CUST-0071,CTR-00164,Acme US Inc,USD,0.0,2253.07,2253.07,0.0,0.0,0.0
2026-03,CUST-0071,CTR-00164,Acme US Inc,USD,0.0,2022.86,2022.86,0.0,0.0,0.0
2026-04,CUST-0071,CTR-00164,Acme US Inc,USD,0.0,2494.45,2494.45,0.0,0.0,0.0
2026-05,CUST-0071,CTR-00164,Acme US Inc,USD,0.0,1930.24,1930.24,0.0,0.0,0.0
2025-04,CUST-0071,CTR-00165,Acme US Inc,USD,0.0,2016.67,2016.67,0.0,0.0,0.0
2025-05,CUST-0071,CTR-00165,Acme US Inc,USD,0.0,2016.67,4033.34,0.0,0.0,-2016.67
2025-06,CUST-0071,CTR-00165,Acme US Inc,USD,-2016.67,0.0,2016.67,0.0,0.0,-4033.34
2025-07,CUST-0071,CTR-00165,Acme US Inc,USD,-4033.34,4033.34,2016.67,0.0,0.0,-2016.67
2025-08,CUST-0071,CTR-00165,Acme US Inc,USD,-2016.67,2016.67,2016.67,0.0,0.0,-2016.67
2025-09,CUST-0071,CTR-00165,Acme US Inc,USD,-2016.67,2016.67,2016.67,0.0,0.0,-2016.67
2025-10,CUST-0071,CTR-00165,Acme US Inc,USD,-2016.67,2016.67,2016.67,0.0,0.0,-2016.67
2025-11,CUST-0071,CTR-00165,Acme US Inc,USD,-2016.67,2016.67,2016.67,0.0,0.0,-2016.67
2025-12,CUST-0071,CTR-00165,Acme US Inc,USD,-2016.67,2016.67,2016.67,0.0,0.0,-2016.67
2026-01,CUST-0071,CTR-00165,Acme US Inc,USD,-2016.67,2016.67,2016.67,0.0,0.0,-2016.67
2026-02,CUST-0071,CTR-00165,Acme US Inc,USD,-2016.67,2016.67,2016.67,0.0,0.0,-2016.67
2026-03,CUST-0071,CTR-00165,Acme US Inc,USD,-2016.67,2016.67,2016.67,0.0,0.0,-2016.67
2026-04,CUST-0071,CTR-00165,Acme US Inc,USD,-2016.67,2016.67,2016.67,0.0,0.0,-2016.67
2026-05,CUST-0071,CTR-00165,Acme US Inc,USD,-2016.67,2016.67,2016.67,0.0,0.0,-2016.67
2025-07,CUST-0071,CTR-00166,Acme US Inc,USD,0.0,15400.0,15400.0,0.0,0.0,0.0
2025-05,CUST-0072,CTR-00168,Acme UK Ltd,GBP,0.0,0.0,92755.91,0.0,0.0,-92755.91
2025-06,CUST-0072,CTR-00168,Acme UK Ltd,GBP,-92755.91,92755.91,0.0,0.0,0.0,0.0
2026-01,CUST-0073,CTR-00169,Acme Argentina SA,ARS,0.0,9181818.18,9181818.18,0.0,0.0,0.0
2025-03,CUST-0073,CTR-00170,Acme Argentina SA,ARS,0.0,7363636.36,7363636.36,0.0,0.0,0.0
2025-11,CUST-0073,CTR-00171,Acme Argentina SA,ARS,0.0,4500000.0,4500000.0,0.0,0.0,0.0
2025-12,CUST-0073,CTR-00171,Acme Argentina SA,ARS,0.0,4500000.0,4500000.0,0.0,0.0,0.0
2025-12,CUST-0073,CTR-00172,Acme Argentina SA,ARS,0.0,9454545.45,9454545.45,0.0,0.0,0.0
2026-01,CUST-0075,CTR-00175,Acme Mexico SA,MXN,0.0,638793.1,212931.03,0.0,0.0,425862.07
2026-02,CUST-0075,CTR-00175,Acme Mexico SA,MXN,425862.07,0.0,212931.03,0.0,0.0,212931.04
2026-03,CUST-0075,CTR-00175,Acme Mexico SA,MXN,212931.04,0.0,212931.03,0.0,0.0,0.01
2026-04,CUST-0075,CTR-00175,Acme Mexico SA,MXN,0.01,638793.1,212931.03,0.0,0.0,425862.08
2026-05,CUST-0075,CTR-00175,Acme Mexico SA,MXN,425862.08,0.0,212931.03,0.0,0.0,212931.05
2025-09,CUST-0075,CTR-00177,Acme Mexico SA,MXN,0.0,61781.61,61781.61,0.0,0.0,0.0
2025-10,CUST-0075,CTR-00177,Acme Mexico SA,MXN,0.0,61781.61,61781.61,0.0,0.0,0.0
2025-11,CUST-0075,CTR-00177,Acme Mexico SA,MXN,0.0,61781.61,61781.61,0.0,0.0,0.0
2025-12,CUST-0075,CTR-00177,Acme Mexico SA,MXN,0.0,61781.61,61781.61,0.0,0.0,0.0
2026-01,CUST-0075,CTR-00177,Acme Mexico SA,MXN,0.0,61781.61,61781.61,0.0,0.0,0.0
2026-02,CUST-0075,CTR-00177,Acme Mexico SA,MXN,0.0,0.0,61781.61,0.0,0.0,-61781.61
2026-03,CUST-0075,CTR-00177,Acme Mexico SA,MXN,-61781.61,123563.22,123563.22,0.0,0.0,-61781.61
2026-04,CUST-0075,CTR-00177,Acme Mexico SA,MXN,-61781.61,61781.61,61781.61,0.0,0.0,-61781.61
2026-05,CUST-0075,CTR-00177,Acme Mexico SA,MXN,-61781.61,61781.61,61781.61,0.0,0.0,-61781.61
2026-01,CUST-0076,CTR-00179,Acme US Inc,USD,0.0,13608.33,13608.33,0.0,0.0,0.0
2026-02,CUST-0076,CTR-00179,Acme US Inc,USD,0.0,13608.33,13608.33,0.0,0.0,0.0
2026-03,CUST-0076,CTR-00179,Acme US Inc,USD,0.0,13608.33,13608.33,0.0,0.0,0.0
2026-04,CUST-0076,CTR-00179,Acme US Inc,USD,0.0,13608.33,13608.33,0.0,0.0,0.0
2026-05,CUST-0076,CTR-00179,Acme US Inc,USD,0.0,13608.33,13608.33,0.0,0.0,0.0
2026-04,CUST-0078,CTR-00181,Acme Argentina SA,ARS,0.0,2848484.85,2848484.85,0.0,0.0,0.0
2026-05,CUST-0078,CTR-00181,Acme Argentina SA,ARS,0.0,2848484.85,2848484.85,0.0,0.0,0.0
2025-07,CUST-0079,CTR-00183,Acme UK Ltd,GBP,0.0,25780.84,25780.84,0.0,0.0,0.0
2025-08,CUST-0079,CTR-00183,Acme UK Ltd,GBP,0.0,25780.84,25780.84,0.0,0.0,0.0
2025-09,CUST-0079,CTR-00183,Acme UK Ltd,GBP,0.0,0.0,25780.84,0.0,0.0,-25780.84
2025-10,CUST-0079,CTR-00183,Acme UK Ltd,GBP,-25780.84,51561.68,25780.84,0.0,0.0,0.0
2025-11,CUST-0079,CTR-00183,Acme UK Ltd,GBP,0.0,25780.84,25780.84,0.0,0.0,0.0
2025-12,CUST-0079,CTR-00183,Acme UK Ltd,GBP,0.0,25780.84,25780.84,0.0,0.0,0.0
2026-01,CUST-0079,CTR-00183,Acme UK Ltd,GBP,0.0,25780.84,25780.84,0.0,0.0,0.0
2026-02,CUST-0079,CTR-00183,Acme UK Ltd,GBP,0.0,25780.84,25780.84,0.0,0.0,0.0
2026-03,CUST-0079,CTR-00183,Acme UK Ltd,GBP,0.0,25780.84,25780.84,0.0,0.0,0.0
2026-04,CUST-0079,CTR-00183,Acme UK Ltd,GBP,0.0,25780.84,25780.84,0.0,0.0,0.0
2026-05,CUST-0079,CTR-00183,Acme UK Ltd,GBP,0.0,25780.84,25780.84,0.0,0.0,0.0
2025-07,CUST-0079,CTR-00185,Acme UK Ltd,GBP,0.0,135118.11,135118.11,0.0,0.0,0.0
2025-10,CUST-0080,CTR-00188,Acme US Inc,USD,0.0,6600.0,6600.0,0.0,0.0,0.0
2026-02,CUST-0081,CTR-00189,Acme EU GmbH,EUR,0.0,17222.22,17222.22,0.0,0.0,0.0
2026-01,CUST-0081,CTR-00190,Acme EU GmbH,EUR,0.0,15925.93,15925.93,0.0,0.0,0.0
2025-09,CUST-0081,CTR-00191,Acme EU GmbH,EUR,0.0,0.0,5185.19,0.0,0.0,-5185.19
2025-10,CUST-0081,CTR-00191,Acme EU GmbH,EUR,-5185.19,10370.38,5185.19,0.0,0.0,0.0
2025-11,CUST-0081,CTR-00191,Acme EU GmbH,EUR,0.0,5185.19,5185.19,0.0,0.0,0.0
2026-02,CUST-0082,CTR-00192,Acme US Inc,USD,0.0,225237.63,225237.63,0.0,0.0,0.0
2026-05,CUST-0082,CTR-00192,Acme US Inc,USD,0.0,294864.6,294864.6,0.0,0.0,0.0
2025-11,CUST-0082,CTR-00193,Acme US Inc,USD,0.0,241383.33,482766.66,0.0,0.0,-241383.33
2025-12,CUST-0082,CTR-00193,Acme US Inc,USD,-241383.33,241383.33,241383.33,0.0,0.0,-241383.33
2026-01,CUST-0082,CTR-00193,Acme US Inc,USD,-241383.33,241383.33,241383.33,0.0,0.0,-241383.33
2026-02,CUST-0082,CTR-00193,Acme US Inc,USD,-241383.33,241383.33,241383.33,0.0,0.0,-241383.33
2026-03,CUST-0082,CTR-00193,Acme US Inc,USD,-241383.33,241383.33,241383.33,0.0,0.0,-241383.33
2026-04,CUST-0082,CTR-00193,Acme US Inc,USD,-241383.33,241383.33,241383.33,0.0,0.0,-241383.33
2026-05,CUST-0082,CTR-00193,Acme US Inc,USD,-241383.33,241383.33,241383.33,0.0,0.0,-241383.33
2025-08,CUST-0082,CTR-00194,Acme US Inc,USD,0.0,269475.0,269475.0,0.0,0.0,0.0
2025-09,CUST-0082,CTR-00194,Acme US Inc,USD,0.0,0.0,269475.0,0.0,0.0,-269475.0
2025-10,CUST-0082,CTR-00194,Acme US Inc,USD,-269475.0,538950.0,269475.0,0.0,0.0,0.0
2025-11,CUST-0082,CTR-00194,Acme US Inc,USD,0.0,269475.0,269475.0,0.0,0.0,0.0
2025-12,CUST-0082,CTR-00194,Acme US Inc,USD,0.0,269475.0,269475.0,0.0,0.0,0.0
2026-01,CUST-0082,CTR-00194,Acme US Inc,USD,0.0,269475.0,269475.0,0.0,0.0,0.0
2026-02,CUST-0082,CTR-00194,Acme US Inc,USD,0.0,269475.0,269475.0,0.0,0.0,0.0
2026-03,CUST-0082,CTR-00194,Acme US Inc,USD,0.0,269475.0,269475.0,0.0,0.0,0.0
2026-04,CUST-0082,CTR-00194,Acme US Inc,USD,0.0,269475.0,269475.0,0.0,0.0,0.0
2026-05,CUST-0082,CTR-00194,Acme US Inc,USD,0.0,269475.0,269475.0,0.0,0.0,0.0
2026-03,CUST-0082,CTR-00195,Acme US Inc,USD,0.0,287633.33,287633.33,0.0,0.0,0.0
2026-04,CUST-0082,CTR-00195,Acme US Inc,USD,0.0,287633.33,287633.33,0.0,0.0,0.0
2026-05,CUST-0082,CTR-00195,Acme US Inc,USD,0.0,287633.33,287633.33,0.0,0.0,0.0
2025-06,CUST-0082,CTR-00196,Acme US Inc,USD,0.0,275508.33,275508.33,0.0,0.0,0.0
2025-07,CUST-0082,CTR-00196,Acme US Inc,USD,0.0,275508.33,275508.33,0.0,0.0,0.0
2025-08,CUST-0082,CTR-00196,Acme US Inc,USD,0.0,275508.33,275508.33,0.0,0.0,0.0
2025-09,CUST-0082,CTR-00196,Acme US Inc,USD,0.0,275508.33,275508.33,0.0,0.0,0.0
2025-10,CUST-0082,CTR-00196,Acme US Inc,USD,0.0,275508.33,275508.33,0.0,0.0,0.0
2025-11,CUST-0082,CTR-00196,Acme US Inc,USD,0.0,275508.33,275508.33,0.0,0.0,0.0
2025-12,CUST-0082,CTR-00196,Acme US Inc,USD,0.0,275508.33,275508.33,0.0,0.0,0.0
2026-01,CUST-0082,CTR-00196,Acme US Inc,USD,0.0,275508.33,275508.33,0.0,0.0,0.0
2026-02,CUST-0082,CTR-00196,Acme US Inc,USD,0.0,275508.33,275508.33,0.0,0.0,0.0
2026-03,CUST-0082,CTR-00196,Acme US Inc,USD,0.0,275508.33,275508.33,0.0,0.0,0.0
2026-04,CUST-0082,CTR-00196,Acme US Inc,USD,0.0,275508.33,275508.33,0.0,0.0,0.0
2026-05,CUST-0082,CTR-00196,Acme US Inc,USD,0.0,275508.33,275508.33,0.0,0.0,0.0
2026-02,CUST-0082,CTR-00197,Acme US Inc,USD,0.0,788700.0,788700.0,0.0,0.0,0.0
2026-03,CUST-0083,CTR-00199,Acme UK Ltd,GBP,0.0,1034.33,1034.33,0.0,0.0,0.0
2026-04,CUST-0083,CTR-00199,Acme UK Ltd,GBP,0.0,1697.48,1697.48,0.0,0.0,0.0
2026-05,CUST-0083,CTR-00199,Acme UK Ltd,GBP,0.0,1275.26,1275.26,0.0,0.0,0.0
2025-11,CUST-0083,CTR-00200,Acme UK Ltd,GBP,0.0,9606.3,9606.3,0.0,0.0,0.0
2025-07,CUST-0084,CTR-00202,Acme Argentina SA,ARS,0.0,8181818.18,8181818.18,0.0,0.0,0.0
2026-03,CUST-0084,CTR-00203,Acme Argentina SA,ARS,0.0,19181818.18,1598484.85,0.0,0.0,17583333.33
2026-04,CUST-0084,CTR-00203,Acme Argentina SA,ARS,17583333.33,0.0,1598484.85,0.0,0.0,15984848.48
2026-05,CUST-0084,CTR-00203,Acme Argentina SA,ARS,15984848.48,0.0,1598484.85,0.0,0.0,14386363.63
2025-02,CUST-0084,CTR-00204,Acme Argentina SA,ARS,0.0,1681818.18,560606.06,0.0,0.0,1121212.12
2025-03,CUST-0084,CTR-00204,Acme Argentina SA,ARS,1121212.12,0.0,560606.06,0.0,0.0,560606.06
2025-04,CUST-0084,CTR-00204,Acme Argentina SA,ARS,560606.06,0.0,560606.06,0.0,0.0,0.0
2025-05,CUST-0084,CTR-00204,Acme Argentina SA,ARS,0.0,1681818.18,560606.06,0.0,0.0,1121212.12
2025-06,CUST-0084,CTR-00204,Acme Argentina SA,ARS,1121212.12,0.0,560606.06,0.0,0.0,560606.06
2025-07,CUST-0084,CTR-00204,Acme Argentina SA,ARS,560606.06,0.0,560606.06,0.0,0.0,0.0
2025-08,CUST-0084,CTR-00204,Acme Argentina SA,ARS,0.0,1681818.18,560606.06,0.0,0.0,1121212.12
2025-09,CUST-0084,CTR-00204,Acme Argentina SA,ARS,1121212.12,0.0,560606.06,0.0,0.0,560606.06
2025-10,CUST-0084,CTR-00204,Acme Argentina SA,ARS,560606.06,0.0,560606.06,0.0,0.0,0.0
2025-11,CUST-0084,CTR-00204,Acme Argentina SA,ARS,0.0,1681818.18,560606.06,0.0,0.0,1121212.12
2025-12,CUST-0084,CTR-00204,Acme Argentina SA,ARS,1121212.12,0.0,560606.06,0.0,0.0,560606.06
2026-01,CUST-0084,CTR-00204,Acme Argentina SA,ARS,560606.06,0.0,560606.06,0.0,0.0,0.0
2026-02,CUST-0084,CTR-00204,Acme Argentina SA,ARS,0.0,1681818.18,560606.06,0.0,0.0,1121212.12
2026-03,CUST-0084,CTR-00204,Acme Argentina SA,ARS,1121212.12,0.0,560606.06,0.0,0.0,560606.06
2026-04,CUST-0084,CTR-00204,Acme Argentina SA,ARS,560606.06,0.0,560606.06,0.0,0.0,0.0
2026-05,CUST-0084,CTR-00204,Acme Argentina SA,ARS,0.0,1681818.18,560606.06,0.0,0.0,1121212.12
2026-04,CUST-0085,CTR-00205,Acme US Inc,USD,0.0,381933.33,381933.33,0.0,0.0,0.0
2026-05,CUST-0085,CTR-00205,Acme US Inc,USD,0.0,381933.33,381933.33,0.0,0.0,0.0
2025-11,CUST-0086,CTR-00206,Acme Brasil Ltda,BRL,0.0,292000.0,292000.0,0.0,0.0,0.0
2026-05,CUST-0087,CTR-00208,Acme Brasil Ltda,BRL,0.0,617750.0,617750.0,0.0,0.0,0.0
2026-04,CUST-0087,CTR-00209,Acme Brasil Ltda,BRL,0.0,249416.67,249416.67,0.0,0.0,0.0
2026-05,CUST-0087,CTR-00209,Acme Brasil Ltda,BRL,0.0,249416.67,249416.67,0.0,0.0,0.0
2025-10,CUST-0088,CTR-00210,Acme Brasil Ltda,BRL,0.0,440500.0,440500.0,0.0,0.0,0.0
2025-08,CUST-0088,CTR-00211,Acme Brasil Ltda,BRL,0.0,457000.0,457000.0,0.0,0.0,0.0
2025-11,CUST-0088,CTR-00212,Acme Brasil Ltda,BRL,0.0,46241.84,46241.84,0.0,0.0,0.0
2025-12,CUST-0088,CTR-00212,Acme Brasil Ltda,BRL,0.0,56243.66,56243.66,0.0,0.0,0.0
2026-01,CUST-0088,CTR-00212,Acme Brasil Ltda,BRL,0.0,59786.21,59786.21,0.0,0.0,0.0
2026-02,CUST-0088,CTR-00212,Acme Brasil Ltda,BRL,0.0,47021.32,47021.32,0.0,0.0,0.0
2026-03,CUST-0088,CTR-00212,Acme Brasil Ltda,BRL,0.0,48429.11,48429.11,0.0,0.0,0.0
2026-04,CUST-0088,CTR-00212,Acme Brasil Ltda,BRL,0.0,39639.3,39639.3,0.0,0.0,0.0
2026-05,CUST-0088,CTR-00212,Acme Brasil Ltda,BRL,0.0,52872.28,52872.28,0.0,0.0,0.0
2025-04,CUST-0089,CTR-00213,Acme UK Ltd,GBP,0.0,165540.57,165540.57,0.0,0.0,0.0
2026-04,CUST-0089,CTR-00213,Acme UK Ltd,GBP,0.0,119206.09,119206.09,0.0,0.0,0.0
2025-03,CUST-0089,CTR-00214,Acme UK Ltd,GBP,0.0,26130.24,26130.24,0.0,0.0,0.0
2025-06,CUST-0089,CTR-00214,Acme UK Ltd,GBP,0.0,29930.57,29930.57,0.0,0.0,0.0
2025-09,CUST-0089,CTR-00214,Acme UK Ltd,GBP,0.0,41452.31,41452.31,0.0,0.0,0.0
2025-12,CUST-0089,CTR-00214,Acme UK Ltd,GBP,0.0,29084.26,29084.26,0.0,0.0,0.0
2026-03,CUST-0089,CTR-00214,Acme UK Ltd,GBP,0.0,37015.95,37015.95,0.0,0.0,0.0
2025-02,CUST-0090,CTR-00216,Acme Mexico SA,MXN,0.0,45430542.73,45430542.73,0.0,0.0,0.0
2026-02,CUST-0090,CTR-00216,Acme Mexico SA,MXN,0.0,44721008.14,44721008.14,0.0,0.0,0.0
2026-04,CUST-0090,CTR-00217,Acme Mexico SA,MXN,0.0,3684626.44,3684626.44,0.0,0.0,0.0
2026-05,CUST-0090,CTR-00217,Acme Mexico SA,MXN,0.0,3684626.44,3684626.44,0.0,0.0,0.0
2026-02,CUST-0091,CTR-00218,Acme Argentina SA,ARS,0.0,202454545.46,67484848.49,0.0,0.0,134969696.97
2026-03,CUST-0091,CTR-00218,Acme Argentina SA,ARS,134969696.97,0.0,67484848.49,0.0,0.0,67484848.48
2026-04,CUST-0091,CTR-00218,Acme Argentina SA,ARS,67484848.48,0.0,67484848.49,0.0,0.0,-0.01
2026-05,CUST-0091,CTR-00218,Acme Argentina SA,ARS,-0.01,202454545.46,67484848.49,0.0,0.0,134969696.96
2026-05,CUST-0092,CTR-00220,Acme US Inc,USD,0.0,1975.0,1975.0,0.0,0.0,0.0
2025-08,CUST-0093,CTR-00222,Acme EU GmbH,EUR,0.0,127229.94,127229.94,0.0,0.0,0.0
2025-09,CUST-0093,CTR-00222,Acme EU GmbH,EUR,0.0,127229.94,127229.94,0.0,0.0,0.0
2025-10,CUST-0093,CTR-00222,Acme EU GmbH,EUR,0.0,127229.94,127229.94,0.0,0.0,0.0
2025-11,CUST-0093,CTR-00222,Acme EU GmbH,EUR,0.0,127229.94,127229.94,0.0,0.0,0.0
2025-12,CUST-0093,CTR-00222,Acme EU GmbH,EUR,0.0,127229.94,127229.94,0.0,0.0,0.0
2026-01,CUST-0093,CTR-00222,Acme EU GmbH,EUR,0.0,127229.94,127229.94,0.0,0.0,0.0
2026-02,CUST-0093,CTR-00222,Acme EU GmbH,EUR,0.0,127229.94,127229.94,0.0,0.0,0.0
2026-03,CUST-0093,CTR-00222,Acme EU GmbH,EUR,0.0,127229.94,127229.94,0.0,0.0,0.0
2026-04,CUST-0093,CTR-00222,Acme EU GmbH,EUR,0.0,127229.94,127229.94,0.0,0.0,0.0
2026-05,CUST-0093,CTR-00222,Acme EU GmbH,EUR,0.0,127229.94,127229.94,0.0,0.0,0.0
2025-04,CUST-0094,CTR-00225,Acme US Inc,USD,0.0,2924.1,2924.1,0.0,0.0,0.0
2025-05,CUST-0094,CTR-00225,Acme US Inc,USD,0.0,2979.18,2979.18,0.0,0.0,0.0
2025-06,CUST-0094,CTR-00225,Acme US Inc,USD,0.0,1827.0,1827.0,0.0,0.0,0.0
2025-07,CUST-0094,CTR-00225,Acme US Inc,USD,0.0,1652.52,1652.52,0.0,0.0,0.0
2025-08,CUST-0094,CTR-00225,Acme US Inc,USD,0.0,1933.48,1933.48,0.0,0.0,0.0
2025-09,CUST-0094,CTR-00225,Acme US Inc,USD,0.0,2745.0,2745.0,0.0,0.0,0.0
2025-10,CUST-0094,CTR-00225,Acme US Inc,USD,0.0,2123.49,2123.49,0.0,0.0,0.0
2025-11,CUST-0094,CTR-00225,Acme US Inc,USD,0.0,2040.03,2040.03,0.0,0.0,0.0
2025-12,CUST-0094,CTR-00225,Acme US Inc,USD,0.0,2946.71,2946.71,0.0,0.0,0.0
2026-01,CUST-0094,CTR-00225,Acme US Inc,USD,0.0,1711.61,1711.61,0.0,0.0,0.0
2026-02,CUST-0094,CTR-00225,Acme US Inc,USD,0.0,2085.1,2085.1,0.0,0.0,0.0
2026-03,CUST-0094,CTR-00225,Acme US Inc,USD,0.0,2290.86,2290.86,0.0,0.0,0.0
2026-04,CUST-0094,CTR-00225,Acme US Inc,USD,0.0,1962.82,1962.82,0.0,0.0,0.0
2026-05,CUST-0094,CTR-00225,Acme US Inc,USD,0.0,1996.57,1996.57,0.0,0.0,0.0
2025-04,CUST-0094,CTR-00226,Acme US Inc,USD,0.0,6900.0,6900.0,0.0,0.0,0.0
2025-03,CUST-0094,CTR-00227,Acme US Inc,USD,0.0,9900.0,9900.0,0.0,0.0,0.0
2026-04,CUST-0094,CTR-00228,Acme US Inc,USD,0.0,12600.0,12600.0,0.0,0.0,0.0
2025-10,CUST-0095,CTR-00229,Acme US Inc,USD,0.0,176000.0,176000.0,0.0,0.0,0.0
2025-02,CUST-0096,CTR-00231,Acme US Inc,USD,0.0,7800.0,2600.0,0.0,0.0,5200.0
2025-03,CUST-0096,CTR-00231,Acme US Inc,USD,5200.0,0.0,2600.0,0.0,0.0,2600.0
2025-04,CUST-0096,CTR-00231,Acme US Inc,USD,2600.0,0.0,2600.0,0.0,0.0,0.0
2025-05,CUST-0096,CTR-00231,Acme US Inc,USD,0.0,7800.0,2600.0,0.0,0.0,5200.0
2025-06,CUST-0096,CTR-00231,Acme US Inc,USD,5200.0,0.0,2600.0,0.0,0.0,2600.0
2025-07,CUST-0096,CTR-00231,Acme US Inc,USD,2600.0,0.0,2600.0,0.0,0.0,0.0
2025-08,CUST-0096,CTR-00231,Acme US Inc,USD,0.0,7800.0,2600.0,0.0,0.0,5200.0
2025-09,CUST-0096,CTR-00231,Acme US Inc,USD,5200.0,0.0,2600.0,0.0,0.0,2600.0
2025-10,CUST-0096,CTR-00231,Acme US Inc,USD,2600.0,0.0,2600.0,0.0,0.0,0.0
2025-11,CUST-0096,CTR-00231,Acme US Inc,USD,0.0,7800.0,2600.0,0.0,0.0,5200.0
2025-12,CUST-0096,CTR-00231,Acme US Inc,USD,5200.0,0.0,2600.0,0.0,0.0,2600.0
2026-01,CUST-0096,CTR-00231,Acme US Inc,USD,2600.0,0.0,2600.0,0.0,0.0,0.0
2026-02,CUST-0096,CTR-00231,Acme US Inc,USD,0.0,7800.0,2600.0,0.0,0.0,5200.0
2026-03,CUST-0096,CTR-00231,Acme US Inc,USD,5200.0,0.0,2600.0,0.0,0.0,2600.0
2026-04,CUST-0096,CTR-00231,Acme US Inc,USD,2600.0,0.0,2600.0,0.0,0.0,0.0
2026-05,CUST-0096,CTR-00231,Acme US Inc,USD,0.0,7800.0,2600.0,0.0,0.0,5200.0
2025-10,CUST-0097,CTR-00232,Acme US Inc,USD,0.0,18400.0,18400.0,0.0,0.0,0.0
2026-02,CUST-0098,CTR-00235,Acme US Inc,USD,0.0,4130.88,4130.88,0.0,0.0,0.0
2026-03,CUST-0098,CTR-00235,Acme US Inc,USD,0.0,2669.66,2669.66,0.0,0.0,0.0
2026-04,CUST-0098,CTR-00235,Acme US Inc,USD,0.0,3930.77,3930.77,0.0,0.0,0.0
2026-05,CUST-0098,CTR-00235,Acme US Inc,USD,0.0,2574.0,2574.0,0.0,0.0,0.0
2025-12,CUST-0098,CTR-00236,Acme US Inc,USD,0.0,4600.0,4600.0,0.0,0.0,0.0
2025-10,CUST-0100,CTR-00237,Acme US Inc,USD,0.0,403700.0,403700.0,0.0,0.0,0.0
2025-10,CUST-0100,CTR-00238,Acme US Inc,USD,0.0,177848.77,177848.77,0.0,0.0,0.0
2026-01,CUST-0100,CTR-00238,Acme US Inc,USD,0.0,285812.52,285812.52,0.0,0.0,0.0
2026-04,CUST-0100,CTR-00238,Acme US Inc,USD,0.0,211512.92,211512.92,0.0,0.0,0.0
2025-11,CUST-0100,CTR-00239,Acme US Inc,USD,0.0,98567.89,98567.89,0.0,0.0,0.0
2026-02,CUST-0100,CTR-00239,Acme US Inc,USD,0.0,73598.65,73598.65,0.0,0.0,0.0
2026-05,CUST-0100,CTR-00239,Acme US Inc,USD,0.0,74664.55,74664.55,0.0,0.0,0.0
2025-10,CUST-0101,CTR-00241,Acme US Inc,USD,0.0,7384.38,7384.38,0.0,0.0,0.0
2025-11,CUST-0101,CTR-00241,Acme US Inc,USD,0.0,10612.55,10612.55,0.0,0.0,0.0
2025-12,CUST-0101,CTR-00241,Acme US Inc,USD,0.0,7074.17,7074.17,0.0,0.0,0.0
2026-01,CUST-0101,CTR-00241,Acme US Inc,USD,0.0,7801.95,7801.95,0.0,0.0,0.0
2026-02,CUST-0101,CTR-00241,Acme US Inc,USD,0.0,8292.83,8292.83,0.0,0.0,0.0
2026-03,CUST-0101,CTR-00241,Acme US Inc,USD,0.0,10124.35,10124.35,0.0,0.0,0.0
2026-04,CUST-0101,CTR-00241,Acme US Inc,USD,0.0,10790.94,10790.94,0.0,0.0,0.0
2026-05,CUST-0101,CTR-00241,Acme US Inc,USD,0.0,11861.92,11861.92,0.0,0.0,0.0
2025-07,CUST-0102,CTR-00242,Acme UK Ltd,GBP,0.0,12749.34,12749.34,0.0,0.0,0.0
2025-08,CUST-0102,CTR-00242,Acme UK Ltd,GBP,0.0,12749.34,12749.34,0.0,0.0,0.0
2025-09,CUST-0102,CTR-00242,Acme UK Ltd,GBP,0.0,12749.34,12749.34,0.0,0.0,0.0
2025-10,CUST-0102,CTR-00242,Acme UK Ltd,GBP,0.0,12749.34,12749.34,0.0,0.0,0.0
2025-11,CUST-0102,CTR-00242,Acme UK Ltd,GBP,0.0,12749.34,12749.34,0.0,0.0,0.0
2025-12,CUST-0102,CTR-00242,Acme UK Ltd,GBP,0.0,12749.34,12749.34,0.0,0.0,0.0
2026-01,CUST-0102,CTR-00242,Acme UK Ltd,GBP,0.0,12749.34,12749.34,0.0,0.0,0.0
2026-02,CUST-0102,CTR-00242,Acme UK Ltd,GBP,0.0,12749.34,12749.34,0.0,0.0,0.0
2026-03,CUST-0102,CTR-00242,Acme UK Ltd,GBP,0.0,12749.34,12749.34,0.0,0.0,0.0
2026-04,CUST-0102,CTR-00242,Acme UK Ltd,GBP,0.0,12749.34,12749.34,0.0,0.0,0.0
2026-05,CUST-0102,CTR-00242,Acme UK Ltd,GBP,0.0,12749.34,12749.34,0.0,0.0,0.0
2026-05,CUST-0102,CTR-00243,Acme UK Ltd,GBP,0.0,115551.18,38517.06,0.0,0.0,77034.12
2025-08,CUST-0103,CTR-00245,Acme Brasil Ltda,BRL,0.0,12833.33,12833.33,0.0,0.0,0.0
2025-09,CUST-0103,CTR-00245,Acme Brasil Ltda,BRL,0.0,12833.33,12833.33,0.0,0.0,0.0
2025-10,CUST-0103,CTR-00245,Acme Brasil Ltda,BRL,0.0,12833.33,12833.33,0.0,0.0,0.0
2025-11,CUST-0103,CTR-00245,Acme Brasil Ltda,BRL,0.0,12833.33,12833.33,0.0,0.0,0.0
2025-12,CUST-0103,CTR-00245,Acme Brasil Ltda,BRL,0.0,12833.33,12833.33,0.0,0.0,0.0
2026-01,CUST-0103,CTR-00245,Acme Brasil Ltda,BRL,0.0,12833.33,12833.33,0.0,0.0,0.0
2026-02,CUST-0103,CTR-00245,Acme Brasil Ltda,BRL,0.0,12833.33,12833.33,0.0,0.0,0.0
2026-03,CUST-0103,CTR-00245,Acme Brasil Ltda,BRL,0.0,12833.33,12833.33,0.0,0.0,0.0
2026-04,CUST-0103,CTR-00245,Acme Brasil Ltda,BRL,0.0,12833.33,12833.33,0.0,0.0,0.0
2026-05,CUST-0103,CTR-00245,Acme Brasil Ltda,BRL,0.0,12833.33,12833.33,0.0,0.0,0.0
2026-01,CUST-0103,CTR-00246,Acme Brasil Ltda,BRL,0.0,37750.0,12583.33,0.0,0.0,25166.67
2026-02,CUST-0103,CTR-00246,Acme Brasil Ltda,BRL,25166.67,0.0,12583.33,0.0,0.0,12583.34
2026-03,CUST-0103,CTR-00246,Acme Brasil Ltda,BRL,12583.34,0.0,12583.33,0.0,0.0,0.01
2026-04,CUST-0103,CTR-00246,Acme Brasil Ltda,BRL,0.01,37750.0,12583.33,0.0,0.0,25166.68
2026-05,CUST-0103,CTR-00246,Acme Brasil Ltda,BRL,25166.68,0.0,12583.33,0.0,0.0,12583.35
2025-12,CUST-0103,CTR-00247,Acme Brasil Ltda,BRL,0.0,33875.0,11291.67,0.0,0.0,22583.33
2026-01,CUST-0103,CTR-00247,Acme Brasil Ltda,BRL,22583.33,0.0,11291.67,0.0,0.0,11291.66
2026-02,CUST-0103,CTR-00247,Acme Brasil Ltda,BRL,11291.66,0.0,11291.67,0.0,0.0,-0.01
2026-03,CUST-0103,CTR-00247,Acme Brasil Ltda,BRL,-0.01,33875.0,11291.67,0.0,0.0,22583.32
2026-04,CUST-0103,CTR-00247,Acme Brasil Ltda,BRL,22583.32,0.0,11291.67,0.0,0.0,11291.65
2026-05,CUST-0103,CTR-00247,Acme Brasil Ltda,BRL,11291.65,0.0,11291.67,0.0,0.0,-0.02
2025-12,CUST-0103,CTR-00249,Acme Brasil Ltda,BRL,0.0,2930.21,2930.21,0.0,0.0,0.0
2026-01,CUST-0103,CTR-00249,Acme Brasil Ltda,BRL,0.0,1905.26,1905.26,0.0,0.0,0.0
2026-02,CUST-0103,CTR-00249,Acme Brasil Ltda,BRL,0.0,2470.94,2470.94,0.0,0.0,0.0
2026-03,CUST-0103,CTR-00249,Acme Brasil Ltda,BRL,0.0,2419.65,2419.65,0.0,0.0,0.0
2026-04,CUST-0103,CTR-00249,Acme Brasil Ltda,BRL,0.0,2821.66,2821.66,0.0,0.0,0.0
2026-05,CUST-0103,CTR-00249,Acme Brasil Ltda,BRL,0.0,2954.31,2954.31,0.0,0.0,0.0
2025-07,CUST-0104,CTR-00250,Acme Brasil Ltda,BRL,0.0,296000.0,296000.0,0.0,0.0,0.0
2025-02,CUST-0104,CTR-00251,Acme Brasil Ltda,BRL,0.0,310958.33,310958.33,0.0,0.0,0.0
2025-03,CUST-0104,CTR-00251,Acme Brasil Ltda,BRL,0.0,310958.33,310958.33,0.0,0.0,0.0
2025-04,CUST-0104,CTR-00251,Acme Brasil Ltda,BRL,0.0,310958.33,310958.33,0.0,0.0,0.0
2025-05,CUST-0104,CTR-00251,Acme Brasil Ltda,BRL,0.0,310958.33,310958.33,0.0,0.0,0.0
2025-06,CUST-0104,CTR-00251,Acme Brasil Ltda,BRL,0.0,310958.33,310958.33,0.0,0.0,0.0
2025-07,CUST-0104,CTR-00251,Acme Brasil Ltda,BRL,0.0,310958.33,310958.33,0.0,0.0,0.0
2025-08,CUST-0104,CTR-00251,Acme Brasil Ltda,BRL,0.0,310958.33,310958.33,0.0,0.0,0.0
2025-09,CUST-0104,CTR-00251,Acme Brasil Ltda,BRL,0.0,310958.33,310958.33,0.0,0.0,0.0
2025-10,CUST-0104,CTR-00251,Acme Brasil Ltda,BRL,0.0,310958.33,310958.33,0.0,0.0,0.0
2025-11,CUST-0104,CTR-00251,Acme Brasil Ltda,BRL,0.0,310958.33,310958.33,0.0,0.0,0.0
2025-12,CUST-0104,CTR-00251,Acme Brasil Ltda,BRL,0.0,310958.33,310958.33,0.0,0.0,0.0
2026-01,CUST-0104,CTR-00251,Acme Brasil Ltda,BRL,0.0,310958.33,310958.33,0.0,0.0,0.0
2026-02,CUST-0104,CTR-00251,Acme Brasil Ltda,BRL,0.0,310958.33,310958.33,0.0,0.0,0.0
2026-03,CUST-0104,CTR-00251,Acme Brasil Ltda,BRL,0.0,310958.33,310958.33,0.0,0.0,0.0
2026-04,CUST-0104,CTR-00251,Acme Brasil Ltda,BRL,0.0,310958.33,310958.33,0.0,0.0,0.0
2026-05,CUST-0104,CTR-00251,Acme Brasil Ltda,BRL,0.0,310958.33,310958.33,0.0,0.0,0.0
2026-05,CUST-0104,CTR-00252,Acme Brasil Ltda,BRL,0.0,879000.0,879000.0,0.0,0.0,0.0
2025-04,CUST-0105,CTR-00254,Acme Argentina SA,ARS,0.0,2090909.09,2090909.09,0.0,0.0,0.0
2026-02,CUST-0105,CTR-00255,Acme Argentina SA,ARS,0.0,7909090.91,7909090.91,0.0,0.0,0.0
2025-07,CUST-0107,CTR-00259,Acme US Inc,USD,0.0,1469800.0,1469800.0,0.0,0.0,0.0
2025-05,CUST-0108,CTR-00260,Acme US Inc,USD,0.0,5700.0,5700.0,0.0,0.0,0.0
2026-05,CUST-0108,CTR-00261,Acme US Inc,USD,0.0,2100.0,2100.0,0.0,0.0,0.0
2026-02,CUST-0109,CTR-00264,Acme UK Ltd,GBP,0.0,2237.53,2237.53,0.0,0.0,0.0
2026-03,CUST-0109,CTR-00264,Acme UK Ltd,GBP,0.0,2237.53,2237.53,0.0,0.0,0.0
2026-04,CUST-0109,CTR-00264,Acme UK Ltd,GBP,0.0,2237.53,2237.53,0.0,0.0,0.0
2026-05,CUST-0109,CTR-00264,Acme UK Ltd,GBP,0.0,2237.53,2237.53,0.0,0.0,0.0
2025-04,CUST-0110,CTR-00265,Acme Argentina SA,ARS,0.0,3454545.45,3454545.45,0.0,0.0,0.0
2026-04,CUST-0110,CTR-00266,Acme Argentina SA,ARS,0.0,4435510.55,4435510.55,0.0,0.0,0.0
2025-09,CUST-0110,CTR-00267,Acme Argentina SA,ARS,0.0,8272727.28,8272727.28,0.0,0.0,0.0
2025-10,CUST-0110,CTR-00267,Acme Argentina SA,ARS,0.0,8272727.28,8272727.28,0.0,0.0,0.0
2025-08,CUST-0110,CTR-00268,Acme Argentina SA,ARS,0.0,2492424.24,2492424.24,0.0,0.0,0.0
2025-09,CUST-0110,CTR-00268,Acme Argentina SA,ARS,0.0,2492424.24,2492424.24,0.0,0.0,0.0
2025-10,CUST-0110,CTR-00268,Acme Argentina SA,ARS,0.0,2492424.24,2492424.24,0.0,0.0,0.0
2025-11,CUST-0110,CTR-00268,Acme Argentina SA,ARS,0.0,2492424.24,2492424.24,0.0,0.0,0.0
2025-12,CUST-0110,CTR-00268,Acme Argentina SA,ARS,0.0,2492424.24,2492424.24,0.0,0.0,0.0
2026-01,CUST-0110,CTR-00268,Acme Argentina SA,ARS,0.0,2492424.24,2492424.24,0.0,0.0,0.0
2026-02,CUST-0110,CTR-00268,Acme Argentina SA,ARS,0.0,2492424.24,2492424.24,0.0,0.0,0.0
2026-03,CUST-0110,CTR-00268,Acme Argentina SA,ARS,0.0,2492424.24,2492424.24,0.0,0.0,0.0
2026-04,CUST-0110,CTR-00268,Acme Argentina SA,ARS,0.0,2492424.24,2492424.24,0.0,0.0,0.0
2026-05,CUST-0110,CTR-00268,Acme Argentina SA,ARS,0.0,2492424.24,2492424.24,0.0,0.0,0.0
2025-05,CUST-0111,CTR-00269,Acme Mexico SA,MXN,0.0,217241.38,217241.38,0.0,0.0,0.0
2025-10,CUST-0111,CTR-00270,Acme Mexico SA,MXN,0.0,684482.76,57040.23,0.0,0.0,627442.53
2025-11,CUST-0111,CTR-00270,Acme Mexico SA,MXN,627442.53,0.0,57040.23,0.0,0.0,570402.3
2025-12,CUST-0111,CTR-00270,Acme Mexico SA,MXN,570402.3,0.0,57040.23,0.0,0.0,513362.07
2026-01,CUST-0111,CTR-00270,Acme Mexico SA,MXN,513362.07,0.0,57040.23,0.0,0.0,456321.84
2026-02,CUST-0111,CTR-00270,Acme Mexico SA,MXN,456321.84,0.0,57040.23,0.0,0.0,399281.61
2026-03,CUST-0111,CTR-00270,Acme Mexico SA,MXN,399281.61,0.0,57040.23,0.0,0.0,342241.38
2026-04,CUST-0111,CTR-00270,Acme Mexico SA,MXN,342241.38,0.0,57040.23,0.0,0.0,285201.15
2026-05,CUST-0111,CTR-00270,Acme Mexico SA,MXN,285201.15,0.0,57040.23,0.0,0.0,228160.92
2026-03,CUST-0111,CTR-00271,Acme Mexico SA,MXN,0.0,135344.83,45114.94,0.0,0.0,90229.89
2026-04,CUST-0111,CTR-00271,Acme Mexico SA,MXN,90229.89,0.0,45114.94,0.0,0.0,45114.95
2026-05,CUST-0111,CTR-00271,Acme Mexico SA,MXN,45114.95,0.0,45114.94,0.0,0.0,0.01
2025-04,CUST-0111,CTR-00272,Acme Mexico SA,MXN,0.0,137931.03,137931.03,0.0,0.0,0.0
2025-11,CUST-0111,CTR-00273,Acme Mexico SA,MXN,0.0,33333.33,33333.33,0.0,0.0,0.0
2025-12,CUST-0111,CTR-00273,Acme Mexico SA,MXN,0.0,33333.33,33333.33,0.0,0.0,0.0
2026-01,CUST-0111,CTR-00273,Acme Mexico SA,MXN,0.0,33333.33,33333.33,0.0,0.0,0.0
2026-02,CUST-0111,CTR-00273,Acme Mexico SA,MXN,0.0,33333.33,33333.33,0.0,0.0,0.0
2026-03,CUST-0111,CTR-00273,Acme Mexico SA,MXN,0.0,33333.33,33333.33,0.0,0.0,0.0
2026-04,CUST-0111,CTR-00273,Acme Mexico SA,MXN,0.0,33333.33,33333.33,0.0,0.0,0.0
2026-05,CUST-0111,CTR-00273,Acme Mexico SA,MXN,0.0,33333.33,33333.33,0.0,0.0,0.0
2025-02,CUST-0113,CTR-00275,Acme Mexico SA,MXN,0.0,183908.05,183908.05,0.0,0.0,0.0
2025-03,CUST-0113,CTR-00275,Acme Mexico SA,MXN,0.0,183908.05,183908.05,0.0,0.0,0.0
2025-04,CUST-0113,CTR-00275,Acme Mexico SA,MXN,0.0,183908.05,183908.05,0.0,0.0,0.0
2025-05,CUST-0113,CTR-00275,Acme Mexico SA,MXN,0.0,183908.05,183908.05,0.0,0.0,0.0
2025-06,CUST-0113,CTR-00275,Acme Mexico SA,MXN,0.0,183908.05,183908.05,0.0,0.0,0.0
2025-07,CUST-0113,CTR-00275,Acme Mexico SA,MXN,0.0,183908.05,183908.05,0.0,0.0,0.0
2025-08,CUST-0113,CTR-00275,Acme Mexico SA,MXN,0.0,183908.05,183908.05,0.0,0.0,0.0
2025-09,CUST-0113,CTR-00275,Acme Mexico SA,MXN,0.0,183908.05,183908.05,0.0,0.0,0.0
2025-10,CUST-0113,CTR-00275,Acme Mexico SA,MXN,0.0,183908.05,183908.05,0.0,0.0,0.0
2025-11,CUST-0113,CTR-00275,Acme Mexico SA,MXN,0.0,183908.05,183908.05,0.0,0.0,0.0
2025-12,CUST-0113,CTR-00275,Acme Mexico SA,MXN,0.0,183908.05,183908.05,0.0,0.0,0.0
2026-01,CUST-0113,CTR-00275,Acme Mexico SA,MXN,0.0,183908.05,183908.05,0.0,0.0,0.0
2026-02,CUST-0113,CTR-00275,Acme Mexico SA,MXN,0.0,183908.05,183908.05,0.0,0.0,0.0
2026-03,CUST-0113,CTR-00275,Acme Mexico SA,MXN,0.0,183908.05,183908.05,0.0,0.0,0.0
2026-04,CUST-0113,CTR-00275,Acme Mexico SA,MXN,0.0,183908.05,183908.05,0.0,0.0,0.0
2026-05,CUST-0113,CTR-00275,Acme Mexico SA,MXN,0.0,183908.05,183908.05,0.0,0.0,0.0
2025-02,CUST-0113,CTR-00276,Acme Mexico SA,MXN,0.0,679310.34,679310.34,0.0,0.0,0.0
2026-04,CUST-0113,CTR-00277,Acme Mexico SA,MXN,0.0,193807.23,193807.23,0.0,0.0,0.0
2025-06,CUST-0114,CTR-00278,Acme UK Ltd,GBP,0.0,27795.28,9265.09,0.0,0.0,18530.19
2025-07,CUST-0114,CTR-00278,Acme UK Ltd,GBP,18530.19,0.0,9265.09,0.0,0.0,9265.1
2025-08,CUST-0114,CTR-00278,Acme UK Ltd,GBP,9265.1,0.0,9265.09,0.0,0.0,0.01
2025-09,CUST-0114,CTR-00278,Acme UK Ltd,GBP,0.01,27795.28,9265.09,0.0,0.0,18530.2
2025-10,CUST-0114,CTR-00278,Acme UK Ltd,GBP,18530.2,0.0,9265.09,0.0,0.0,9265.11
2025-11,CUST-0114,CTR-00278,Acme UK Ltd,GBP,9265.11,0.0,9265.09,0.0,0.0,0.02
2025-12,CUST-0114,CTR-00278,Acme UK Ltd,GBP,0.02,27795.28,9265.09,0.0,0.0,18530.21
2026-01,CUST-0114,CTR-00278,Acme UK Ltd,GBP,18530.21,0.0,9265.09,0.0,0.0,9265.12
2026-02,CUST-0114,CTR-00278,Acme UK Ltd,GBP,9265.12,0.0,9265.09,0.0,0.0,0.03
2026-03,CUST-0114,CTR-00278,Acme UK Ltd,GBP,0.03,27795.28,9265.09,0.0,0.0,18530.22
2026-04,CUST-0114,CTR-00278,Acme UK Ltd,GBP,18530.22,0.0,9265.09,0.0,0.0,9265.13
2026-05,CUST-0114,CTR-00278,Acme UK Ltd,GBP,9265.13,0.0,9265.09,0.0,0.0,0.04
2025-04,CUST-0114,CTR-00279,Acme UK Ltd,GBP,0.0,3452.92,3452.92,0.0,0.0,0.0
2025-05,CUST-0114,CTR-00279,Acme UK Ltd,GBP,0.0,3500.73,3500.73,0.0,0.0,0.0
2025-06,CUST-0114,CTR-00279,Acme UK Ltd,GBP,0.0,4129.28,4129.28,0.0,0.0,0.0
2025-07,CUST-0114,CTR-00279,Acme UK Ltd,GBP,0.0,4535.97,4535.97,0.0,0.0,0.0
2025-08,CUST-0114,CTR-00279,Acme UK Ltd,GBP,0.0,4583.66,4583.66,0.0,0.0,0.0
2025-09,CUST-0114,CTR-00279,Acme UK Ltd,GBP,0.0,4889.75,4889.75,0.0,0.0,0.0
2025-10,CUST-0114,CTR-00279,Acme UK Ltd,GBP,0.0,3247.45,3247.45,0.0,0.0,0.0
2025-11,CUST-0114,CTR-00279,Acme UK Ltd,GBP,0.0,3813.17,3813.17,0.0,0.0,0.0
2025-12,CUST-0114,CTR-00279,Acme UK Ltd,GBP,0.0,3180.7,3180.7,0.0,0.0,0.0
2026-01,CUST-0114,CTR-00279,Acme UK Ltd,GBP,0.0,4281.58,4281.58,0.0,0.0,0.0
2026-02,CUST-0114,CTR-00279,Acme UK Ltd,GBP,0.0,2697.94,2697.94,0.0,0.0,0.0
2026-03,CUST-0114,CTR-00279,Acme UK Ltd,GBP,0.0,2995.91,2995.91,0.0,0.0,0.0
2026-04,CUST-0114,CTR-00279,Acme UK Ltd,GBP,0.0,4456.42,4456.42,0.0,0.0,0.0
2026-05,CUST-0114,CTR-00279,Acme UK Ltd,GBP,0.0,4276.81,4276.81,0.0,0.0,0.0
2025-03,CUST-0115,CTR-00280,Acme Mexico SA,MXN,0.0,2334482.76,2334482.76,0.0,0.0,0.0
2025-10,CUST-0115,CTR-00281,Acme Mexico SA,MXN,0.0,248706.9,82902.3,0.0,0.0,165804.6
2025-11,CUST-0115,CTR-00281,Acme Mexico SA,MXN,165804.6,0.0,82902.3,0.0,0.0,82902.3
2025-12,CUST-0115,CTR-00281,Acme Mexico SA,MXN,82902.3,0.0,82902.3,0.0,0.0,0.0
2026-01,CUST-0115,CTR-00281,Acme Mexico SA,MXN,0.0,248706.9,82902.3,0.0,0.0,165804.6
2026-02,CUST-0115,CTR-00281,Acme Mexico SA,MXN,165804.6,0.0,82902.3,0.0,0.0,82902.3
2026-03,CUST-0115,CTR-00281,Acme Mexico SA,MXN,82902.3,0.0,82902.3,0.0,0.0,0.0
2026-04,CUST-0115,CTR-00281,Acme Mexico SA,MXN,0.0,248706.9,82902.3,0.0,0.0,165804.6
2026-05,CUST-0115,CTR-00281,Acme Mexico SA,MXN,165804.6,0.0,82902.3,0.0,0.0,82902.3
2025-11,CUST-0116,CTR-00282,Acme US Inc,USD,0.0,20500.0,20500.0,0.0,0.0,0.0
2025-06,CUST-0117,CTR-00284,Acme US Inc,USD,0.0,35800.0,11933.33,0.0,0.0,23866.67
2025-07,CUST-0117,CTR-00284,Acme US Inc,USD,23866.67,0.0,11933.33,0.0,0.0,11933.34
2025-08,CUST-0117,CTR-00284,Acme US Inc,USD,11933.34,0.0,11933.33,0.0,0.0,0.01
2025-09,CUST-0117,CTR-00284,Acme US Inc,USD,0.01,35800.0,11933.33,0.0,0.0,23866.68
2025-10,CUST-0117,CTR-00284,Acme US Inc,USD,23866.68,0.0,11933.33,0.0,0.0,11933.35
2025-11,CUST-0117,CTR-00284,Acme US Inc,USD,11933.35,0.0,11933.33,0.0,0.0,0.02
2025-12,CUST-0117,CTR-00284,Acme US Inc,USD,0.02,35800.0,11933.33,0.0,0.0,23866.69
2026-01,CUST-0117,CTR-00284,Acme US Inc,USD,23866.69,0.0,11933.33,0.0,0.0,11933.36
2026-02,CUST-0117,CTR-00284,Acme US Inc,USD,11933.36,0.0,11933.33,0.0,0.0,0.03
2026-03,CUST-0117,CTR-00284,Acme US Inc,USD,0.03,35800.0,11933.33,0.0,0.0,23866.7
2026-04,CUST-0117,CTR-00284,Acme US Inc,USD,23866.7,0.0,11933.33,0.0,0.0,11933.37
2026-05,CUST-0117,CTR-00284,Acme US Inc,USD,11933.37,0.0,11933.33,0.0,0.0,0.04
2026-04,CUST-0117,CTR-00285,Acme US Inc,USD,0.0,34950.0,11650.0,0.0,0.0,23300.0
2026-05,CUST-0117,CTR-00285,Acme US Inc,USD,23300.0,0.0,11650.0,0.0,0.0,11650.0
2026-05,CUST-0118,CTR-00286,Acme US Inc,USD,0.0,3316.67,3316.67,0.0,0.0,0.0
2026-01,CUST-0118,CTR-00287,Acme US Inc,USD,0.0,14200.0,14200.0,0.0,0.0,0.0
2025-03,CUST-0119,CTR-00288,Acme US Inc,USD,0.0,3400.0,3400.0,0.0,0.0,0.0
2025-12,CUST-0119,CTR-00289,Acme US Inc,USD,0.0,5300.0,1766.67,0.0,0.0,3533.33
2026-01,CUST-0119,CTR-00289,Acme US Inc,USD,3533.33,0.0,1766.67,0.0,0.0,1766.66
2026-02,CUST-0119,CTR-00289,Acme US Inc,USD,1766.66,0.0,1766.67,0.0,0.0,-0.01
2026-03,CUST-0119,CTR-00289,Acme US Inc,USD,-0.01,5300.0,1766.67,0.0,0.0,3533.32
2026-04,CUST-0119,CTR-00289,Acme US Inc,USD,3533.32,0.0,1766.67,0.0,0.0,1766.65
2026-05,CUST-0119,CTR-00289,Acme US Inc,USD,1766.65,0.0,1766.67,0.0,0.0,-0.02
2025-07,CUST-0120,CTR-00293,Acme Argentina SA,ARS,0.0,99795454.55,99795454.55,0.0,0.0,0.0
2025-08,CUST-0120,CTR-00293,Acme Argentina SA,ARS,0.0,99795454.55,99795454.55,0.0,0.0,0.0
2025-09,CUST-0120,CTR-00293,Acme Argentina SA,ARS,0.0,99795454.55,99795454.55,0.0,0.0,0.0
2025-10,CUST-0120,CTR-00293,Acme Argentina SA,ARS,0.0,99795454.55,99795454.55,0.0,0.0,0.0
2025-11,CUST-0120,CTR-00293,Acme Argentina SA,ARS,0.0,99795454.55,99795454.55,0.0,0.0,0.0
2025-12,CUST-0120,CTR-00293,Acme Argentina SA,ARS,0.0,99795454.55,99795454.55,0.0,0.0,0.0
2026-01,CUST-0120,CTR-00293,Acme Argentina SA,ARS,0.0,99795454.55,99795454.55,0.0,0.0,0.0
2026-02,CUST-0120,CTR-00293,Acme Argentina SA,ARS,0.0,99795454.55,99795454.55,0.0,0.0,0.0
2026-03,CUST-0120,CTR-00293,Acme Argentina SA,ARS,0.0,99795454.55,99795454.55,0.0,0.0,0.0
2026-04,CUST-0120,CTR-00293,Acme Argentina SA,ARS,0.0,99795454.55,99795454.55,0.0,0.0,0.0
2026-05,CUST-0120,CTR-00293,Acme Argentina SA,ARS,0.0,99795454.55,99795454.55,0.0,0.0,0.0
2025-07,CUST-0120,CTR-00294,Acme Argentina SA,ARS,0.0,1576636363.64,131386363.64,0.0,0.0,1445250000.0
2025-08,CUST-0120,CTR-00294,Acme Argentina SA,ARS,1445250000.0,0.0,131386363.64,0.0,0.0,1313863636.36
2025-09,CUST-0120,CTR-00294,Acme Argentina SA,ARS,1313863636.36,0.0,131386363.64,0.0,0.0,1182477272.72
2025-10,CUST-0120,CTR-00294,Acme Argentina SA,ARS,1182477272.72,0.0,131386363.64,0.0,0.0,1051090909.08
2025-11,CUST-0120,CTR-00294,Acme Argentina SA,ARS,1051090909.08,0.0,131386363.64,0.0,0.0,919704545.44
2025-12,CUST-0120,CTR-00294,Acme Argentina SA,ARS,919704545.44,0.0,131386363.64,0.0,0.0,788318181.8
2026-01,CUST-0120,CTR-00294,Acme Argentina SA,ARS,788318181.8,0.0,131386363.64,0.0,0.0,656931818.16
2026-02,CUST-0120,CTR-00294,Acme Argentina SA,ARS,656931818.16,0.0,131386363.64,0.0,0.0,525545454.52
2026-03,CUST-0120,CTR-00294,Acme Argentina SA,ARS,525545454.52,0.0,131386363.64,0.0,0.0,394159090.88
2026-04,CUST-0120,CTR-00294,Acme Argentina SA,ARS,394159090.88,0.0,131386363.64,0.0,0.0,262772727.24
2026-05,CUST-0120,CTR-00294,Acme Argentina SA,ARS,262772727.24,0.0,131386363.64,0.0,0.0,131386363.6
2026-05,CUST-0121,CTR-00295,Acme US Inc,USD,0.0,3033.33,3033.33,0.0,0.0,0.0
2025-12,CUST-0121,CTR-00296,Acme US Inc,USD,0.0,965.96,965.96,0.0,0.0,0.0
2026-01,CUST-0121,CTR-00296,Acme US Inc,USD,0.0,763.73,763.73,0.0,0.0,0.0
2026-02,CUST-0121,CTR-00296,Acme US Inc,USD,0.0,1156.46,1156.46,0.0,0.0,0.0
2026-03,CUST-0121,CTR-00296,Acme US Inc,USD,0.0,699.57,699.57,0.0,0.0,0.0
2026-04,CUST-0121,CTR-00296,Acme US Inc,USD,0.0,834.15,834.15,0.0,0.0,0.0
2026-05,CUST-0121,CTR-00296,Acme US Inc,USD,0.0,780.17,780.17,0.0,0.0,0.0
2025-10,CUST-0122,CTR-00297,Acme EU GmbH,EUR,0.0,925.93,925.93,0.0,0.0,0.0
2025-11,CUST-0122,CTR-00297,Acme EU GmbH,EUR,0.0,925.93,925.93,0.0,0.0,0.0
2025-12,CUST-0122,CTR-00297,Acme EU GmbH,EUR,0.0,925.93,925.93,0.0,0.0,0.0
2026-01,CUST-0122,CTR-00297,Acme EU GmbH,EUR,0.0,925.93,925.93,0.0,0.0,0.0
2026-02,CUST-0122,CTR-00297,Acme EU GmbH,EUR,0.0,925.93,925.93,0.0,0.0,0.0
2026-03,CUST-0122,CTR-00297,Acme EU GmbH,EUR,0.0,925.93,925.93,0.0,0.0,0.0
2026-04,CUST-0122,CTR-00297,Acme EU GmbH,EUR,0.0,925.93,925.93,0.0,0.0,0.0
2026-05,CUST-0122,CTR-00297,Acme EU GmbH,EUR,0.0,925.93,925.93,0.0,0.0,0.0
2025-09,CUST-0123,CTR-00300,Acme US Inc,USD,0.0,64000.0,64000.0,0.0,0.0,0.0
2026-01,CUST-0124,CTR-00303,Acme Brasil Ltda,BRL,0.0,154059.86,154059.86,0.0,0.0,0.0
2026-02,CUST-0125,CTR-00304,Acme Brasil Ltda,BRL,0.0,2988500.0,2988500.0,0.0,0.0,0.0
2025-04,CUST-0125,CTR-00306,Acme Brasil Ltda,BRL,0.0,10266500.0,10266500.0,0.0,0.0,0.0
